#
# A fatal error has been detected by the Java Runtime Environment:
#
#  SIGSEGV (0xb) at pc=0x00000002328a5b50, pid=59646, tid=259
#
# JRE version: OpenJDK Runtime Environment Corretto-11.0.29.7.1 (11.0.29+7) (build 11.0.29+7-LTS)
# Java VM: OpenJDK 64-Bit Server VM Corretto-11.0.29.7.1 (11.0.29+7-LTS, mixed mode, tiered, compressed oops, g1 gc, bsd-aarch64)
# Problematic frame:
# C  [GLEngine+0x117b50]  gleRunVertexSubmitImmediate+0x1940
#
# No core dump will be written. Core dumps have been disabled. To enable core dumping, try "ulimit -c unlimited" before starting Java again
#
# If you would like to submit a bug report, please visit:
#   https://github.com/corretto/corretto-11/issues/
# The crash happened outside the Java Virtual Machine in native code.
# See problematic frame for where to report the bug.
#

---------------  S U M M A R Y ------------

Command Line: -Dfile.encoding=UTF-8 -Duser.country=GB -Duser.language=en -Duser.variant com.rogueforge.game.lwjgl3.Lwjgl3Launcher

Host: Mac17,2 arm64 1 MHz, 10 cores, 16G, Darwin 25.3.0
Time: Fri Mar 20 19:37:31 2026 GMT elapsed time: 5.206507 seconds (0d 0h 0m 5s)

---------------  T H R E A D  ---------------

Current thread (0x0000000100d7f800):  JavaThread "main" [_thread_in_native, id=259, stack(0x000000016eed0000,0x000000016f6cc000)]

Stack: [0x000000016eed0000,0x000000016f6cc000],  sp=0x000000016f6c56b0,  free space=8149k
Native frames: (J=compiled Java code, A=aot compiled Java code, j=interpreted, Vv=VM code, C=native code)
C  [GLEngine+0x117b50]  gleRunVertexSubmitImmediate+0x1940
C  [GLEngine+0x157834]  gleDrawArraysOrElements_ExecCore+0x248
C  [GLEngine+0xbc510]  glDrawArrays_IMM_Exec+0x2a0
j  org.lwjgl.opengl.GL11C.glDrawArrays(III)V+0
J 990 c1 com.badlogic.gdx.graphics.Mesh.render(Lcom/badlogic/gdx/graphics/glutils/ShaderProgram;IIIZ)V (324 bytes) @ 0x000000010f8b18f4 [0x000000010f8b0280+0x0000000000001674]
J 1123 c1 com.badlogic.gdx.graphics.glutils.ImmediateModeRenderer20.flush()V (106 bytes) @ 0x000000010f902da4 [0x000000010f901e80+0x0000000000000f24]
J 1124 c1 com.rogueforge.game.screen.MainMenuScreen.render(F)V (571 bytes) @ 0x000000010f905aa8 [0x000000010f904a80+0x0000000000001028]
J 1108 c1 com.badlogic.gdx.backends.lwjgl3.Lwjgl3Window.update()Z (217 bytes) @ 0x000000010f8f96b4 [0x000000010f8f7440+0x0000000000002274]
j  com.badlogic.gdx.backends.lwjgl3.Lwjgl3Application.loop()V+111
j  com.badlogic.gdx.backends.lwjgl3.Lwjgl3Application.<init>(Lcom/badlogic/gdx/ApplicationListener;Lcom/badlogic/gdx/backends/lwjgl3/Lwjgl3ApplicationConfiguration;)V+269
j  com.rogueforge.game.lwjgl3.Lwjgl3Launcher.main([Ljava/lang/String;)V+36
v  ~StubRoutines::call_stub
V  [libjvm.dylib+0x32ad4c]  JavaCalls::call_helper(JavaValue*, methodHandle const&, JavaCallArguments*, Thread*)+0x2dc
V  [libjvm.dylib+0x374c6c]  jni_invoke_static(JNIEnv_*, JavaValue*, _jobject*, JNICallType, _jmethodID*, JNI_ArgumentPusher*, Thread*)+0x100
V  [libjvm.dylib+0x377c54]  jni_CallStaticVoidMethod+0xfc
C  [libjli.dylib+0x78ec]  JavaMain+0x598
C  [libjli.dylib+0xa480]  __JVMInit_block_invoke+0x48
C  [Foundation+0x1d878]  __NSBLOCKOPERATION_IS_CALLING_OUT_TO_A_BLOCK__+0x18
C  [Foundation+0x1d740]  -[NSBlockOperation main]+0x60
C  [Foundation+0x1d6d8]  __NSOPERATION_IS_INVOKING_MAIN__+0x10
C  [Foundation+0x1d308]  -[NSOperation start]+0x280
C  [Foundation+0x38114]  __NSThreadPerformPerform+0x108
C  [CoreFoundation+0x5fa08]  __CFRUNLOOP_IS_CALLING_OUT_TO_A_SOURCE0_PERFORM_FUNCTION__+0x1c
C  [CoreFoundation+0x5f99c]  __CFRunLoopDoSource0+0xac
C  [CoreFoundation+0x5f708]  __CFRunLoopDoSources0+0xe8
C  [CoreFoundation+0x5e398]  __CFRunLoopRun+0x334
C  [CoreFoundation+0x118f3c]  _CFRunLoopRunSpecificWithOptions+0x214
C  [libjli.dylib+0x9af8]  CreateExecutionEnvironment+0x190
C  [libjli.dylib+0x5f54]  JLI_Launch+0x4ac
C  [java+0x3b9c]  main+0x18c
C  [dyld+0x8d54]  start+0x1c10

Java frames: (J=compiled Java code, j=interpreted, Vv=VM code)
j  org.lwjgl.opengl.GL11C.glDrawArrays(III)V+0
J 990 c1 com.badlogic.gdx.graphics.Mesh.render(Lcom/badlogic/gdx/graphics/glutils/ShaderProgram;IIIZ)V (324 bytes) @ 0x000000010f8b18f4 [0x000000010f8b0280+0x0000000000001674]
J 1123 c1 com.badlogic.gdx.graphics.glutils.ImmediateModeRenderer20.flush()V (106 bytes) @ 0x000000010f902da4 [0x000000010f901e80+0x0000000000000f24]
J 1124 c1 com.rogueforge.game.screen.MainMenuScreen.render(F)V (571 bytes) @ 0x000000010f905aa8 [0x000000010f904a80+0x0000000000001028]
J 1108 c1 com.badlogic.gdx.backends.lwjgl3.Lwjgl3Window.update()Z (217 bytes) @ 0x000000010f8f96b4 [0x000000010f8f7440+0x0000000000002274]
j  com.badlogic.gdx.backends.lwjgl3.Lwjgl3Application.loop()V+111
j  com.badlogic.gdx.backends.lwjgl3.Lwjgl3Application.<init>(Lcom/badlogic/gdx/ApplicationListener;Lcom/badlogic/gdx/backends/lwjgl3/Lwjgl3ApplicationConfiguration;)V+269
j  com.rogueforge.game.lwjgl3.Lwjgl3Launcher.main([Ljava/lang/String;)V+36
v  ~StubRoutines::call_stub

siginfo: si_signo: 11 (SIGSEGV), si_code: 2 (SEGV_ACCERR), si_addr: 0x0000000000000000

Register to memory mapping:

 x0=0x0000000735be0000 points into unknown readable memory: 0x0000000000000000 | 00 00 00 00 00 00 00 00
 x1=0x0 is NULL
 x2=0x0 is NULL
 x3=0x0 is NULL
 x4=0x0 is NULL
 x5=0x000000073769d4f0 points into unknown readable memory: 0x0000000800030a01 | 01 0a 03 00 08 00 00 00
 x6=0xffffffffbfc007ff is an unknown value
 x7=0xfffff0003ffff800 is an unknown value
 x8=0x0 is NULL
 x9=0x0000000800030a01 is an unknown value
x10=0x0 is NULL
x11=0x0 is NULL
x12=0x0000000735be0000 points into unknown readable memory: 0x0000000000000000 | 00 00 00 00 00 00 00 00
x13=0x00000000ffffffff is an unknown value
x14=0x0 is NULL
x15=0x0 is NULL
x16=0x00000002328a57b4: gleRunVertexSubmitImmediate+0x15a4 in /System/Library/Frameworks/OpenGL.framework/Versions/A/Resources/GLEngine.bundle/GLEngine at 0x000000023278e000
x17=0x00000002328a4c18: gleRunVertexSubmitImmediate+0xa08 in /System/Library/Frameworks/OpenGL.framework/Versions/A/Resources/GLEngine.bundle/GLEngine at 0x000000023278e000
x18=0x0 is NULL
x19=0x000000073769d4f0 points into unknown readable memory: 0x0000000800030a01 | 01 0a 03 00 08 00 00 00
x20=0x0000000000000001 is an unknown value
x21=0x0000000000000003 is an unknown value
x22=0x00000000fffffffe is an unknown value
x23=0x0000103301041000 is an unknown value
x24=0x0000000000000006 is an unknown value
x25=0x00000000ffffffff is an unknown value
x26=0x0000000000000008 is an unknown value
x27=0x0 is NULL
x28=0x0 is NULL


Registers:
 x0=0x0000000735be0000  x1=0x0000000000000000  x2=0x0000000000000000  x3=0x0000000000000000
 x4=0x0000000000000000  x5=0x000000073769d4f0  x6=0xffffffffbfc007ff  x7=0xfffff0003ffff800
 x8=0x0000000000000000  x9=0x0000000800030a01 x10=0x0000000000000000 x11=0x0000000000000000
x12=0x0000000735be0000 x13=0x00000000ffffffff x14=0x0000000000000000 x15=0x0000000000000000
x16=0x00000002328a57b4 x17=0x00000002328a4c18 x18=0x0000000000000000 x19=0x000000073769d4f0
x20=0x0000000000000001 x21=0x0000000000000003 x22=0x00000000fffffffe x23=0x0000103301041000
x24=0x0000000000000006 x25=0x00000000ffffffff x26=0x0000000000000008 x27=0x0000000000000000
x28=0x0000000000000000  fp=0x000000016f6c5850  lr=0x00000002328e5834  sp=0x000000016f6c56b0
pc=0x00000002328a5b50 cpsr=0x0000000060000000
Top of Stack: (sp=0x000000016f6c56b0)
0x000000016f6c56b0:   447fc000447fc000 40400000447fc000
0x000000016f6c56c0:   0000000000000000 ffffffecfffffff6
0x000000016f6c56d0:   ffffffeaffffffea ffffffe2ffffffea
0x000000016f6c56e0:   0000000000000000 0000000735bea278
0x000000016f6c56f0:   0000000000000000 000000016f6c5790
0x000000016f6c5700:   00000000fffffffe 0000000735be0000
0x000000016f6c5710:   0000000000000000 0000000000000000
0x000000016f6c5720:   0000000000000000 0000000000000000
0x000000016f6c5730:   0000000000000000 0000000000000000
0x000000016f6c5740:   0000000000000000 00000001377f9a8c
0x000000016f6c5750:   0000000000000000 0000000000000000
0x000000016f6c5760:   0000000000000000 0000000000000000
0x000000016f6c5770:   0000000000000000 000000013afd0000
0x000000016f6c5780:   000000013afd0120 0000000000000000
0x000000016f6c5790:   0000000735be3e70 0000000735be4080
0x000000016f6c57a0:   00000007345fb5c0 0000000000000018
0x000000016f6c57b0:   f8dba8007a020037 0000000735bfae80
0x000000016f6c57c0:   0000000000000000 0000000000000000
0x000000016f6c57d0:   0000000000000000 0000000000000000
0x000000016f6c57e0:   0000000000000000 000000003f800000
0x000000016f6c57f0:   0000000000000000 000000003acccccd
0x000000016f6c5800:   0000000735bea280 0000000735beac48
0x000000016f6c5810:   0000000000000018 0000000000000000
0x000000016f6c5820:   00000007345fb418 0000000000000018
0x000000016f6c5830:   0000000000000000 0000000000000004
0x000000016f6c5840:   0000000000000018 0000000735be0000
0x000000016f6c5850:   000000016f6c5960 00000002328e5834
0x000000016f6c5860:   00000007345fb228 00000007345fb640
0x000000016f6c5870:   0000000735be5144 0914e45a00000001
0x000000016f6c5880:   0000000000000000 0000000000000000
0x000000016f6c5890:   0000000000000000 0000000000000000
0x000000016f6c58a0:   0000000000000000 0000000000000000 

Instructions: (pc=0x00000002328a5b50)
0x00000002328a5a50:   a0 00 00 54 3f 15 00 71 a1 59 ff 54 1f 0d 00 b9
0x00000002328a5a60:   cb fa ff 17 29 00 80 52 09 0d 00 b9 c8 fa ff 17
0x00000002328a5a70:   3f 15 00 71 c3 58 ff 54 1f 05 00 f9 c4 fa ff 17
0x00000002328a5a80:   3f 11 00 71 41 f1 ff 54 09 f0 e7 d2 09 05 00 f9
0x00000002328a5a90:   bf fa ff 17 00 0d 00 bd bd fa ff 17 bf 0e 00 71
0x00000002328a5aa0:   60 05 00 54 bf 12 00 71 41 98 ff 54 1c 00 80 52
0x00000002328a5ab0:   00 01 c0 3d e0 2f 80 3d bd fc ff 17 4b 11 c0 5a
0x00000002328a5ac0:   6c 11 00 52 4d 01 80 52 ac 01 0c 4b 2c 21 cc 1a
0x00000002328a5ad0:   0d 60 a8 52 ab 5d 0b 4b 8c 21 1f 12 5f 01 00 71
0x00000002328a5ae0:   eb 03 8b 1a ea 03 8c 1a 03 00 00 14 0c 00 a7 52
0x00000002328a5af0:   8b 35 0b 0b 6a 35 0a 2a 29 7d 0f 53 2a 01 01 33
0x00000002328a5b00:   ea b3 00 b9 bf 0a 00 71 e3 0a 00 54 09 05 40 79
0x00000002328a5b10:   2a 25 00 12 2b 11 16 72 60 02 00 54 0c 80 8f 52
0x00000002328a5b20:   7f 01 0c 6b 81 03 00 54 5f 01 00 71 0a 00 b0 12
0x00000002328a5b30:   0b f0 af 52 6a 01 8a 1a 1a 00 00 14 1c 00 80 52
0x00000002328a5b40:   00 01 40 bd e0 b3 00 bd 99 fc ff 17 1c 00 80 52
0x00000002328a5b50:   00 01 40 fd e0 5b 00 fd 00 09 40 bd e0 bb 00 bd
0x00000002328a5b60:   93 fc ff 17 4b 11 c0 5a 6c 11 00 52 4d 01 80 52
0x00000002328a5b70:   ac 01 0c 4b 2c 21 cc 1a 0d 60 a8 52 ab 5d 0b 4b
0x00000002328a5b80:   8c 21 1f 12 5f 01 00 71 eb 03 8b 1a ea 03 8c 1a
0x00000002328a5b90:   03 00 00 14 0c 00 a7 52 8b 35 0b 0b 6a 35 0a 2a
0x00000002328a5ba0:   29 7d 0f 53 2a 01 01 33 ea b7 00 b9 bf 0a 00 71
0x00000002328a5bb0:   a0 05 00 54 09 09 40 79 2a 25 00 12 2b 11 16 72
0x00000002328a5bc0:   20 01 00 54 0c 80 8f 52 7f 01 0c 6b 41 02 00 54
0x00000002328a5bd0:   5f 01 00 71 0a 00 b0 12 0b f0 af 52 6a 01 8a 1a
0x00000002328a5be0:   10 00 00 14 4b 11 c0 5a 6c 11 00 52 4d 01 80 52
0x00000002328a5bf0:   ac 01 0c 4b 2c 21 cc 1a 0d 60 a8 52 ab 5d 0b 4b
0x00000002328a5c00:   8c 21 1f 12 5f 01 00 71 eb 03 8b 1a ea 03 8c 1a
0x00000002328a5c10:   03 00 00 14 0c 00 a7 52 8b 35 0b 0b 6a 35 0a 2a
0x00000002328a5c20:   29 7d 0f 53 2a 01 01 33 ea bb 00 b9 bf 12 00 71
0x00000002328a5c30:   a3 01 00 54 08 0d 40 79 09 25 00 12 0a 11 16 72
0x00000002328a5c40:   80 01 00 54 0b 80 8f 52 5f 01 0b 6b 61 02 00 54 


Stack slot to memory mapping:
stack at sp + 0 slots: 0x447fc000447fc000 is an unknown value
stack at sp + 1 slots: 0x40400000447fc000 is an unknown value
stack at sp + 2 slots: 0x0 is NULL
stack at sp + 3 slots: 0xffffffecfffffff6 is an unknown value
stack at sp + 4 slots: 0xffffffeaffffffea is an unknown value
stack at sp + 5 slots: 0xffffffe2ffffffea is an unknown value
stack at sp + 6 slots: 0x0 is NULL
stack at sp + 7 slots: 0x0000000735bea278 points into unknown readable memory: 0x0000000735118500 | 00 85 11 35 07 00 00 00


---------------  P R O C E S S  ---------------

Threads class SMR info:
_java_thread_list=0x00000007375e96e0, length=10, elements={
0x0000000100d7f800, 0x0000000736dbc000, 0x0000000736dbd000, 0x0000000736dbe000,
0x0000000736dbf000, 0x0000000736e44000, 0x0000000736e45000, 0x0000000736e46000,
0x0000000736f90000, 0x0000000736e47000
}

Java Threads: ( => current thread )
=>0x0000000100d7f800 JavaThread "main" [_thread_in_native, id=259, stack(0x000000016eed0000,0x000000016f6cc000)]
  0x0000000736dbc000 JavaThread "Reference Handler" daemon [_thread_blocked, id=21251, stack(0x00000001703a4000,0x00000001705a7000)]
  0x0000000736dbd000 JavaThread "Finalizer" daemon [_thread_blocked, id=16643, stack(0x00000001705b0000,0x00000001707b3000)]
  0x0000000736dbe000 JavaThread "Signal Dispatcher" daemon [_thread_blocked, id=18691, stack(0x00000001708d4000,0x0000000170ad7000)]
  0x0000000736dbf000 JavaThread "Service Thread" daemon [_thread_blocked, id=32515, stack(0x0000000170ae0000,0x0000000170ce3000)]
  0x0000000736e44000 JavaThread "C2 CompilerThread0" daemon [_thread_blocked, id=32259, stack(0x0000000170cec000,0x0000000170eef000)]
  0x0000000736e45000 JavaThread "C1 CompilerThread0" daemon [_thread_blocked, id=22787, stack(0x0000000170ef8000,0x00000001710fb000)]
  0x0000000736e46000 JavaThread "Sweeper thread" daemon [_thread_blocked, id=31747, stack(0x0000000171104000,0x0000000171307000)]
  0x0000000736f90000 JavaThread "Common-Cleaner" daemon [_thread_blocked, id=30979, stack(0x000000017151c000,0x000000017171f000)]
  0x0000000736e47000 JavaThread "Thread-0" daemon [_thread_blocked, id=129539, stack(0x0000000171e20000,0x0000000172023000)]

Other Threads:
  0x0000000737185000 VMThread "VM Thread" [stack: 0x0000000170198000,0x000000017039b000] [id=12803]
  0x0000000737185800 WatcherThread [stack: 0x0000000171310000,0x0000000171513000] [id=23555]
  0x0000000737049000 GCTaskThread "GC Thread#0" [stack: 0x000000016f75c000,0x000000016f95f000] [id=15619]
  0x00000007376f7000 GCTaskThread "GC Thread#1" [stack: 0x0000000171728000,0x000000017192b000] [id=173715]
  0x0000000737814000 GCTaskThread "GC Thread#2" [stack: 0x00000001720b8000,0x00000001722bb000] [id=100879]
  0x0000000737815000 GCTaskThread "GC Thread#3" [stack: 0x00000001722c4000,0x00000001724c7000] [id=132931]
  0x0000000737815800 GCTaskThread "GC Thread#4" [stack: 0x00000001724d0000,0x00000001726d3000] [id=133891]
  0x0000000737816800 GCTaskThread "GC Thread#5" [stack: 0x00000001726dc000,0x00000001728df000] [id=134147]
  0x0000000737049800 ConcurrentGCThread "G1 Main Marker" [stack: 0x000000016f968000,0x000000016fb6b000] [id=11523]
  0x000000073704a800 ConcurrentGCThread "G1 Conc#0" [stack: 0x000000016fb74000,0x000000016fd77000] [id=12291]
  0x000000073704b000 ConcurrentGCThread "G1 Refine#0" [stack: 0x000000016fd80000,0x000000016ff83000] [id=14595]
  0x0000000737184000 ConcurrentGCThread "G1 Young RemSet Sampling" [stack: 0x000000016ff8c000,0x000000017018f000] [id=14083]

Threads with active compile tasks:

VM state:not at safepoint (normal execution)

VM Mutex/Monitor currently owned by a thread: None

Heap address: 0x0000000300800000, size: 4096 MB, Compressed Oops mode: Zero based, Oop shift amount: 3
Narrow klass base: 0x0000000b00000000, Narrow klass shift: 0
Compressed class space size: 1073741824 Address: 0x0000000b00000000

Heap:
 garbage-first heap   total 262144K, used 4750K [0x0000000300800000, 0x0000000400800000)
  region size 1024K, 6 young (6144K), 3 survivors (3072K)
 Metaspace       used 12151K, capacity 12303K, committed 12544K, reserved 1060864K
  class space    used 934K, capacity 984K, committed 1024K, reserved 1048576K
Heap Regions: E=young(eden), S=young(survivor), O=old, HS=humongous(starts), HC=humongous(continues), CS=collection set, F=free, A=archive, TAMS=top-at-mark-start (previous, next)
|   0|0x0000000300800000, 0x0000000300800000, 0x0000000300900000|  0%| F|  |TAMS 0x0000000300800000, 0x0000000300800000| Untracked 
|   1|0x0000000300900000, 0x0000000300900000, 0x0000000300a00000|  0%| F|  |TAMS 0x0000000300900000, 0x0000000300900000| Untracked 
|   2|0x0000000300a00000, 0x0000000300a00000, 0x0000000300b00000|  0%| F|  |TAMS 0x0000000300a00000, 0x0000000300a00000| Untracked 
|   3|0x0000000300b00000, 0x0000000300b00000, 0x0000000300c00000|  0%| F|  |TAMS 0x0000000300b00000, 0x0000000300b00000| Untracked 
|   4|0x0000000300c00000, 0x0000000300c00000, 0x0000000300d00000|  0%| F|  |TAMS 0x0000000300c00000, 0x0000000300c00000| Untracked 
|   5|0x0000000300d00000, 0x0000000300d00000, 0x0000000300e00000|  0%| F|  |TAMS 0x0000000300d00000, 0x0000000300d00000| Untracked 
|   6|0x0000000300e00000, 0x0000000300e00000, 0x0000000300f00000|  0%| F|  |TAMS 0x0000000300e00000, 0x0000000300e00000| Untracked 
|   7|0x0000000300f00000, 0x0000000300f00000, 0x0000000301000000|  0%| F|  |TAMS 0x0000000300f00000, 0x0000000300f00000| Untracked 
|   8|0x0000000301000000, 0x0000000301000000, 0x0000000301100000|  0%| F|  |TAMS 0x0000000301000000, 0x0000000301000000| Untracked 
|   9|0x0000000301100000, 0x0000000301100000, 0x0000000301200000|  0%| F|  |TAMS 0x0000000301100000, 0x0000000301100000| Untracked 
|  10|0x0000000301200000, 0x0000000301200000, 0x0000000301300000|  0%| F|  |TAMS 0x0000000301200000, 0x0000000301200000| Untracked 
|  11|0x0000000301300000, 0x0000000301300000, 0x0000000301400000|  0%| F|  |TAMS 0x0000000301300000, 0x0000000301300000| Untracked 
|  12|0x0000000301400000, 0x0000000301400000, 0x0000000301500000|  0%| F|  |TAMS 0x0000000301400000, 0x0000000301400000| Untracked 
|  13|0x0000000301500000, 0x0000000301500000, 0x0000000301600000|  0%| F|  |TAMS 0x0000000301500000, 0x0000000301500000| Untracked 
|  14|0x0000000301600000, 0x0000000301600000, 0x0000000301700000|  0%| F|  |TAMS 0x0000000301600000, 0x0000000301600000| Untracked 
|  15|0x0000000301700000, 0x0000000301700000, 0x0000000301800000|  0%| F|  |TAMS 0x0000000301700000, 0x0000000301700000| Untracked 
|  16|0x0000000301800000, 0x0000000301800000, 0x0000000301900000|  0%| F|  |TAMS 0x0000000301800000, 0x0000000301800000| Untracked 
|  17|0x0000000301900000, 0x0000000301900000, 0x0000000301a00000|  0%| F|  |TAMS 0x0000000301900000, 0x0000000301900000| Untracked 
|  18|0x0000000301a00000, 0x0000000301a00000, 0x0000000301b00000|  0%| F|  |TAMS 0x0000000301a00000, 0x0000000301a00000| Untracked 
|  19|0x0000000301b00000, 0x0000000301b00000, 0x0000000301c00000|  0%| F|  |TAMS 0x0000000301b00000, 0x0000000301b00000| Untracked 
|  20|0x0000000301c00000, 0x0000000301c00000, 0x0000000301d00000|  0%| F|  |TAMS 0x0000000301c00000, 0x0000000301c00000| Untracked 
|  21|0x0000000301d00000, 0x0000000301d00000, 0x0000000301e00000|  0%| F|  |TAMS 0x0000000301d00000, 0x0000000301d00000| Untracked 
|  22|0x0000000301e00000, 0x0000000301e00000, 0x0000000301f00000|  0%| F|  |TAMS 0x0000000301e00000, 0x0000000301e00000| Untracked 
|  23|0x0000000301f00000, 0x0000000301f00000, 0x0000000302000000|  0%| F|  |TAMS 0x0000000301f00000, 0x0000000301f00000| Untracked 
|  24|0x0000000302000000, 0x0000000302000000, 0x0000000302100000|  0%| F|  |TAMS 0x0000000302000000, 0x0000000302000000| Untracked 
|  25|0x0000000302100000, 0x0000000302100000, 0x0000000302200000|  0%| F|  |TAMS 0x0000000302100000, 0x0000000302100000| Untracked 
|  26|0x0000000302200000, 0x0000000302200000, 0x0000000302300000|  0%| F|  |TAMS 0x0000000302200000, 0x0000000302200000| Untracked 
|  27|0x0000000302300000, 0x0000000302300000, 0x0000000302400000|  0%| F|  |TAMS 0x0000000302300000, 0x0000000302300000| Untracked 
|  28|0x0000000302400000, 0x0000000302400000, 0x0000000302500000|  0%| F|  |TAMS 0x0000000302400000, 0x0000000302400000| Untracked 
|  29|0x0000000302500000, 0x0000000302500000, 0x0000000302600000|  0%| F|  |TAMS 0x0000000302500000, 0x0000000302500000| Untracked 
|  30|0x0000000302600000, 0x0000000302600000, 0x0000000302700000|  0%| F|  |TAMS 0x0000000302600000, 0x0000000302600000| Untracked 
|  31|0x0000000302700000, 0x0000000302700000, 0x0000000302800000|  0%| F|  |TAMS 0x0000000302700000, 0x0000000302700000| Untracked 
|  32|0x0000000302800000, 0x0000000302800000, 0x0000000302900000|  0%| F|  |TAMS 0x0000000302800000, 0x0000000302800000| Untracked 
|  33|0x0000000302900000, 0x0000000302900000, 0x0000000302a00000|  0%| F|  |TAMS 0x0000000302900000, 0x0000000302900000| Untracked 
|  34|0x0000000302a00000, 0x0000000302a00000, 0x0000000302b00000|  0%| F|  |TAMS 0x0000000302a00000, 0x0000000302a00000| Untracked 
|  35|0x0000000302b00000, 0x0000000302b00000, 0x0000000302c00000|  0%| F|  |TAMS 0x0000000302b00000, 0x0000000302b00000| Untracked 
|  36|0x0000000302c00000, 0x0000000302c00000, 0x0000000302d00000|  0%| F|  |TAMS 0x0000000302c00000, 0x0000000302c00000| Untracked 
|  37|0x0000000302d00000, 0x0000000302d00000, 0x0000000302e00000|  0%| F|  |TAMS 0x0000000302d00000, 0x0000000302d00000| Untracked 
|  38|0x0000000302e00000, 0x0000000302e00000, 0x0000000302f00000|  0%| F|  |TAMS 0x0000000302e00000, 0x0000000302e00000| Untracked 
|  39|0x0000000302f00000, 0x0000000302f00000, 0x0000000303000000|  0%| F|  |TAMS 0x0000000302f00000, 0x0000000302f00000| Untracked 
|  40|0x0000000303000000, 0x0000000303000000, 0x0000000303100000|  0%| F|  |TAMS 0x0000000303000000, 0x0000000303000000| Untracked 
|  41|0x0000000303100000, 0x0000000303100000, 0x0000000303200000|  0%| F|  |TAMS 0x0000000303100000, 0x0000000303100000| Untracked 
|  42|0x0000000303200000, 0x0000000303200000, 0x0000000303300000|  0%| F|  |TAMS 0x0000000303200000, 0x0000000303200000| Untracked 
|  43|0x0000000303300000, 0x0000000303300000, 0x0000000303400000|  0%| F|  |TAMS 0x0000000303300000, 0x0000000303300000| Untracked 
|  44|0x0000000303400000, 0x0000000303400000, 0x0000000303500000|  0%| F|  |TAMS 0x0000000303400000, 0x0000000303400000| Untracked 
|  45|0x0000000303500000, 0x0000000303500000, 0x0000000303600000|  0%| F|  |TAMS 0x0000000303500000, 0x0000000303500000| Untracked 
|  46|0x0000000303600000, 0x0000000303600000, 0x0000000303700000|  0%| F|  |TAMS 0x0000000303600000, 0x0000000303600000| Untracked 
|  47|0x0000000303700000, 0x0000000303700000, 0x0000000303800000|  0%| F|  |TAMS 0x0000000303700000, 0x0000000303700000| Untracked 
|  48|0x0000000303800000, 0x0000000303800000, 0x0000000303900000|  0%| F|  |TAMS 0x0000000303800000, 0x0000000303800000| Untracked 
|  49|0x0000000303900000, 0x0000000303900000, 0x0000000303a00000|  0%| F|  |TAMS 0x0000000303900000, 0x0000000303900000| Untracked 
|  50|0x0000000303a00000, 0x0000000303a00000, 0x0000000303b00000|  0%| F|  |TAMS 0x0000000303a00000, 0x0000000303a00000| Untracked 
|  51|0x0000000303b00000, 0x0000000303b00000, 0x0000000303c00000|  0%| F|  |TAMS 0x0000000303b00000, 0x0000000303b00000| Untracked 
|  52|0x0000000303c00000, 0x0000000303c00000, 0x0000000303d00000|  0%| F|  |TAMS 0x0000000303c00000, 0x0000000303c00000| Untracked 
|  53|0x0000000303d00000, 0x0000000303d00000, 0x0000000303e00000|  0%| F|  |TAMS 0x0000000303d00000, 0x0000000303d00000| Untracked 
|  54|0x0000000303e00000, 0x0000000303e00000, 0x0000000303f00000|  0%| F|  |TAMS 0x0000000303e00000, 0x0000000303e00000| Untracked 
|  55|0x0000000303f00000, 0x0000000303f00000, 0x0000000304000000|  0%| F|  |TAMS 0x0000000303f00000, 0x0000000303f00000| Untracked 
|  56|0x0000000304000000, 0x0000000304000000, 0x0000000304100000|  0%| F|  |TAMS 0x0000000304000000, 0x0000000304000000| Untracked 
|  57|0x0000000304100000, 0x0000000304100000, 0x0000000304200000|  0%| F|  |TAMS 0x0000000304100000, 0x0000000304100000| Untracked 
|  58|0x0000000304200000, 0x0000000304200000, 0x0000000304300000|  0%| F|  |TAMS 0x0000000304200000, 0x0000000304200000| Untracked 
|  59|0x0000000304300000, 0x0000000304300000, 0x0000000304400000|  0%| F|  |TAMS 0x0000000304300000, 0x0000000304300000| Untracked 
|  60|0x0000000304400000, 0x0000000304400000, 0x0000000304500000|  0%| F|  |TAMS 0x0000000304400000, 0x0000000304400000| Untracked 
|  61|0x0000000304500000, 0x0000000304500000, 0x0000000304600000|  0%| F|  |TAMS 0x0000000304500000, 0x0000000304500000| Untracked 
|  62|0x0000000304600000, 0x0000000304600000, 0x0000000304700000|  0%| F|  |TAMS 0x0000000304600000, 0x0000000304600000| Untracked 
|  63|0x0000000304700000, 0x0000000304700000, 0x0000000304800000|  0%| F|  |TAMS 0x0000000304700000, 0x0000000304700000| Untracked 
|  64|0x0000000304800000, 0x0000000304800000, 0x0000000304900000|  0%| F|  |TAMS 0x0000000304800000, 0x0000000304800000| Untracked 
|  65|0x0000000304900000, 0x0000000304900000, 0x0000000304a00000|  0%| F|  |TAMS 0x0000000304900000, 0x0000000304900000| Untracked 
|  66|0x0000000304a00000, 0x0000000304a00000, 0x0000000304b00000|  0%| F|  |TAMS 0x0000000304a00000, 0x0000000304a00000| Untracked 
|  67|0x0000000304b00000, 0x0000000304b00000, 0x0000000304c00000|  0%| F|  |TAMS 0x0000000304b00000, 0x0000000304b00000| Untracked 
|  68|0x0000000304c00000, 0x0000000304c00000, 0x0000000304d00000|  0%| F|  |TAMS 0x0000000304c00000, 0x0000000304c00000| Untracked 
|  69|0x0000000304d00000, 0x0000000304d00000, 0x0000000304e00000|  0%| F|  |TAMS 0x0000000304d00000, 0x0000000304d00000| Untracked 
|  70|0x0000000304e00000, 0x0000000304e00000, 0x0000000304f00000|  0%| F|  |TAMS 0x0000000304e00000, 0x0000000304e00000| Untracked 
|  71|0x0000000304f00000, 0x0000000304f00000, 0x0000000305000000|  0%| F|  |TAMS 0x0000000304f00000, 0x0000000304f00000| Untracked 
|  72|0x0000000305000000, 0x0000000305000000, 0x0000000305100000|  0%| F|  |TAMS 0x0000000305000000, 0x0000000305000000| Untracked 
|  73|0x0000000305100000, 0x0000000305100000, 0x0000000305200000|  0%| F|  |TAMS 0x0000000305100000, 0x0000000305100000| Untracked 
|  74|0x0000000305200000, 0x0000000305200000, 0x0000000305300000|  0%| F|  |TAMS 0x0000000305200000, 0x0000000305200000| Untracked 
|  75|0x0000000305300000, 0x0000000305300000, 0x0000000305400000|  0%| F|  |TAMS 0x0000000305300000, 0x0000000305300000| Untracked 
|  76|0x0000000305400000, 0x0000000305400000, 0x0000000305500000|  0%| F|  |TAMS 0x0000000305400000, 0x0000000305400000| Untracked 
|  77|0x0000000305500000, 0x0000000305500000, 0x0000000305600000|  0%| F|  |TAMS 0x0000000305500000, 0x0000000305500000| Untracked 
|  78|0x0000000305600000, 0x0000000305600000, 0x0000000305700000|  0%| F|  |TAMS 0x0000000305600000, 0x0000000305600000| Untracked 
|  79|0x0000000305700000, 0x0000000305700000, 0x0000000305800000|  0%| F|  |TAMS 0x0000000305700000, 0x0000000305700000| Untracked 
|  80|0x0000000305800000, 0x0000000305800000, 0x0000000305900000|  0%| F|  |TAMS 0x0000000305800000, 0x0000000305800000| Untracked 
|  81|0x0000000305900000, 0x0000000305900000, 0x0000000305a00000|  0%| F|  |TAMS 0x0000000305900000, 0x0000000305900000| Untracked 
|  82|0x0000000305a00000, 0x0000000305a00000, 0x0000000305b00000|  0%| F|  |TAMS 0x0000000305a00000, 0x0000000305a00000| Untracked 
|  83|0x0000000305b00000, 0x0000000305b00000, 0x0000000305c00000|  0%| F|  |TAMS 0x0000000305b00000, 0x0000000305b00000| Untracked 
|  84|0x0000000305c00000, 0x0000000305c00000, 0x0000000305d00000|  0%| F|  |TAMS 0x0000000305c00000, 0x0000000305c00000| Untracked 
|  85|0x0000000305d00000, 0x0000000305d00000, 0x0000000305e00000|  0%| F|  |TAMS 0x0000000305d00000, 0x0000000305d00000| Untracked 
|  86|0x0000000305e00000, 0x0000000305e00000, 0x0000000305f00000|  0%| F|  |TAMS 0x0000000305e00000, 0x0000000305e00000| Untracked 
|  87|0x0000000305f00000, 0x0000000305f00000, 0x0000000306000000|  0%| F|  |TAMS 0x0000000305f00000, 0x0000000305f00000| Untracked 
|  88|0x0000000306000000, 0x0000000306000000, 0x0000000306100000|  0%| F|  |TAMS 0x0000000306000000, 0x0000000306000000| Untracked 
|  89|0x0000000306100000, 0x0000000306100000, 0x0000000306200000|  0%| F|  |TAMS 0x0000000306100000, 0x0000000306100000| Untracked 
|  90|0x0000000306200000, 0x0000000306200000, 0x0000000306300000|  0%| F|  |TAMS 0x0000000306200000, 0x0000000306200000| Untracked 
|  91|0x0000000306300000, 0x0000000306300000, 0x0000000306400000|  0%| F|  |TAMS 0x0000000306300000, 0x0000000306300000| Untracked 
|  92|0x0000000306400000, 0x0000000306400000, 0x0000000306500000|  0%| F|  |TAMS 0x0000000306400000, 0x0000000306400000| Untracked 
|  93|0x0000000306500000, 0x0000000306500000, 0x0000000306600000|  0%| F|  |TAMS 0x0000000306500000, 0x0000000306500000| Untracked 
|  94|0x0000000306600000, 0x0000000306600000, 0x0000000306700000|  0%| F|  |TAMS 0x0000000306600000, 0x0000000306600000| Untracked 
|  95|0x0000000306700000, 0x0000000306700000, 0x0000000306800000|  0%| F|  |TAMS 0x0000000306700000, 0x0000000306700000| Untracked 
|  96|0x0000000306800000, 0x0000000306800000, 0x0000000306900000|  0%| F|  |TAMS 0x0000000306800000, 0x0000000306800000| Untracked 
|  97|0x0000000306900000, 0x0000000306900000, 0x0000000306a00000|  0%| F|  |TAMS 0x0000000306900000, 0x0000000306900000| Untracked 
|  98|0x0000000306a00000, 0x0000000306a00000, 0x0000000306b00000|  0%| F|  |TAMS 0x0000000306a00000, 0x0000000306a00000| Untracked 
|  99|0x0000000306b00000, 0x0000000306b00000, 0x0000000306c00000|  0%| F|  |TAMS 0x0000000306b00000, 0x0000000306b00000| Untracked 
| 100|0x0000000306c00000, 0x0000000306c00000, 0x0000000306d00000|  0%| F|  |TAMS 0x0000000306c00000, 0x0000000306c00000| Untracked 
| 101|0x0000000306d00000, 0x0000000306d00000, 0x0000000306e00000|  0%| F|  |TAMS 0x0000000306d00000, 0x0000000306d00000| Untracked 
| 102|0x0000000306e00000, 0x0000000306e00000, 0x0000000306f00000|  0%| F|  |TAMS 0x0000000306e00000, 0x0000000306e00000| Untracked 
| 103|0x0000000306f00000, 0x0000000306f00000, 0x0000000307000000|  0%| F|  |TAMS 0x0000000306f00000, 0x0000000306f00000| Untracked 
| 104|0x0000000307000000, 0x0000000307000000, 0x0000000307100000|  0%| F|  |TAMS 0x0000000307000000, 0x0000000307000000| Untracked 
| 105|0x0000000307100000, 0x0000000307100000, 0x0000000307200000|  0%| F|  |TAMS 0x0000000307100000, 0x0000000307100000| Untracked 
| 106|0x0000000307200000, 0x0000000307200000, 0x0000000307300000|  0%| F|  |TAMS 0x0000000307200000, 0x0000000307200000| Untracked 
| 107|0x0000000307300000, 0x0000000307300000, 0x0000000307400000|  0%| F|  |TAMS 0x0000000307300000, 0x0000000307300000| Untracked 
| 108|0x0000000307400000, 0x0000000307400000, 0x0000000307500000|  0%| F|  |TAMS 0x0000000307400000, 0x0000000307400000| Untracked 
| 109|0x0000000307500000, 0x0000000307500000, 0x0000000307600000|  0%| F|  |TAMS 0x0000000307500000, 0x0000000307500000| Untracked 
| 110|0x0000000307600000, 0x0000000307600000, 0x0000000307700000|  0%| F|  |TAMS 0x0000000307600000, 0x0000000307600000| Untracked 
| 111|0x0000000307700000, 0x0000000307700000, 0x0000000307800000|  0%| F|  |TAMS 0x0000000307700000, 0x0000000307700000| Untracked 
| 112|0x0000000307800000, 0x0000000307800000, 0x0000000307900000|  0%| F|  |TAMS 0x0000000307800000, 0x0000000307800000| Untracked 
| 113|0x0000000307900000, 0x0000000307900000, 0x0000000307a00000|  0%| F|  |TAMS 0x0000000307900000, 0x0000000307900000| Untracked 
| 114|0x0000000307a00000, 0x0000000307a00000, 0x0000000307b00000|  0%| F|  |TAMS 0x0000000307a00000, 0x0000000307a00000| Untracked 
| 115|0x0000000307b00000, 0x0000000307b00000, 0x0000000307c00000|  0%| F|  |TAMS 0x0000000307b00000, 0x0000000307b00000| Untracked 
| 116|0x0000000307c00000, 0x0000000307c00000, 0x0000000307d00000|  0%| F|  |TAMS 0x0000000307c00000, 0x0000000307c00000| Untracked 
| 117|0x0000000307d00000, 0x0000000307d00000, 0x0000000307e00000|  0%| F|  |TAMS 0x0000000307d00000, 0x0000000307d00000| Untracked 
| 118|0x0000000307e00000, 0x0000000307e00000, 0x0000000307f00000|  0%| F|  |TAMS 0x0000000307e00000, 0x0000000307e00000| Untracked 
| 119|0x0000000307f00000, 0x0000000307f00000, 0x0000000308000000|  0%| F|  |TAMS 0x0000000307f00000, 0x0000000307f00000| Untracked 
| 120|0x0000000308000000, 0x0000000308000000, 0x0000000308100000|  0%| F|  |TAMS 0x0000000308000000, 0x0000000308000000| Untracked 
| 121|0x0000000308100000, 0x0000000308100000, 0x0000000308200000|  0%| F|  |TAMS 0x0000000308100000, 0x0000000308100000| Untracked 
| 122|0x0000000308200000, 0x0000000308200000, 0x0000000308300000|  0%| F|  |TAMS 0x0000000308200000, 0x0000000308200000| Untracked 
| 123|0x0000000308300000, 0x0000000308300000, 0x0000000308400000|  0%| F|  |TAMS 0x0000000308300000, 0x0000000308300000| Untracked 
| 124|0x0000000308400000, 0x0000000308400000, 0x0000000308500000|  0%| F|  |TAMS 0x0000000308400000, 0x0000000308400000| Untracked 
| 125|0x0000000308500000, 0x0000000308500000, 0x0000000308600000|  0%| F|  |TAMS 0x0000000308500000, 0x0000000308500000| Untracked 
| 126|0x0000000308600000, 0x0000000308600000, 0x0000000308700000|  0%| F|  |TAMS 0x0000000308600000, 0x0000000308600000| Untracked 
| 127|0x0000000308700000, 0x0000000308700000, 0x0000000308800000|  0%| F|  |TAMS 0x0000000308700000, 0x0000000308700000| Untracked 
| 128|0x0000000308800000, 0x0000000308800000, 0x0000000308900000|  0%| F|  |TAMS 0x0000000308800000, 0x0000000308800000| Untracked 
| 129|0x0000000308900000, 0x0000000308900000, 0x0000000308a00000|  0%| F|  |TAMS 0x0000000308900000, 0x0000000308900000| Untracked 
| 130|0x0000000308a00000, 0x0000000308a00000, 0x0000000308b00000|  0%| F|  |TAMS 0x0000000308a00000, 0x0000000308a00000| Untracked 
| 131|0x0000000308b00000, 0x0000000308b00000, 0x0000000308c00000|  0%| F|  |TAMS 0x0000000308b00000, 0x0000000308b00000| Untracked 
| 132|0x0000000308c00000, 0x0000000308c00000, 0x0000000308d00000|  0%| F|  |TAMS 0x0000000308c00000, 0x0000000308c00000| Untracked 
| 133|0x0000000308d00000, 0x0000000308d00000, 0x0000000308e00000|  0%| F|  |TAMS 0x0000000308d00000, 0x0000000308d00000| Untracked 
| 134|0x0000000308e00000, 0x0000000308e00000, 0x0000000308f00000|  0%| F|  |TAMS 0x0000000308e00000, 0x0000000308e00000| Untracked 
| 135|0x0000000308f00000, 0x0000000308f00000, 0x0000000309000000|  0%| F|  |TAMS 0x0000000308f00000, 0x0000000308f00000| Untracked 
| 136|0x0000000309000000, 0x0000000309000000, 0x0000000309100000|  0%| F|  |TAMS 0x0000000309000000, 0x0000000309000000| Untracked 
| 137|0x0000000309100000, 0x0000000309100000, 0x0000000309200000|  0%| F|  |TAMS 0x0000000309100000, 0x0000000309100000| Untracked 
| 138|0x0000000309200000, 0x0000000309200000, 0x0000000309300000|  0%| F|  |TAMS 0x0000000309200000, 0x0000000309200000| Untracked 
| 139|0x0000000309300000, 0x0000000309300000, 0x0000000309400000|  0%| F|  |TAMS 0x0000000309300000, 0x0000000309300000| Untracked 
| 140|0x0000000309400000, 0x0000000309400000, 0x0000000309500000|  0%| F|  |TAMS 0x0000000309400000, 0x0000000309400000| Untracked 
| 141|0x0000000309500000, 0x0000000309500000, 0x0000000309600000|  0%| F|  |TAMS 0x0000000309500000, 0x0000000309500000| Untracked 
| 142|0x0000000309600000, 0x0000000309600000, 0x0000000309700000|  0%| F|  |TAMS 0x0000000309600000, 0x0000000309600000| Untracked 
| 143|0x0000000309700000, 0x0000000309700000, 0x0000000309800000|  0%| F|  |TAMS 0x0000000309700000, 0x0000000309700000| Untracked 
| 144|0x0000000309800000, 0x0000000309800000, 0x0000000309900000|  0%| F|  |TAMS 0x0000000309800000, 0x0000000309800000| Untracked 
| 145|0x0000000309900000, 0x0000000309900000, 0x0000000309a00000|  0%| F|  |TAMS 0x0000000309900000, 0x0000000309900000| Untracked 
| 146|0x0000000309a00000, 0x0000000309a00000, 0x0000000309b00000|  0%| F|  |TAMS 0x0000000309a00000, 0x0000000309a00000| Untracked 
| 147|0x0000000309b00000, 0x0000000309b00000, 0x0000000309c00000|  0%| F|  |TAMS 0x0000000309b00000, 0x0000000309b00000| Untracked 
| 148|0x0000000309c00000, 0x0000000309c00000, 0x0000000309d00000|  0%| F|  |TAMS 0x0000000309c00000, 0x0000000309c00000| Untracked 
| 149|0x0000000309d00000, 0x0000000309d00000, 0x0000000309e00000|  0%| F|  |TAMS 0x0000000309d00000, 0x0000000309d00000| Untracked 
| 150|0x0000000309e00000, 0x0000000309e00000, 0x0000000309f00000|  0%| F|  |TAMS 0x0000000309e00000, 0x0000000309e00000| Untracked 
| 151|0x0000000309f00000, 0x0000000309f00000, 0x000000030a000000|  0%| F|  |TAMS 0x0000000309f00000, 0x0000000309f00000| Untracked 
| 152|0x000000030a000000, 0x000000030a000000, 0x000000030a100000|  0%| F|  |TAMS 0x000000030a000000, 0x000000030a000000| Untracked 
| 153|0x000000030a100000, 0x000000030a100000, 0x000000030a200000|  0%| F|  |TAMS 0x000000030a100000, 0x000000030a100000| Untracked 
| 154|0x000000030a200000, 0x000000030a200000, 0x000000030a300000|  0%| F|  |TAMS 0x000000030a200000, 0x000000030a200000| Untracked 
| 155|0x000000030a300000, 0x000000030a300000, 0x000000030a400000|  0%| F|  |TAMS 0x000000030a300000, 0x000000030a300000| Untracked 
| 156|0x000000030a400000, 0x000000030a400000, 0x000000030a500000|  0%| F|  |TAMS 0x000000030a400000, 0x000000030a400000| Untracked 
| 157|0x000000030a500000, 0x000000030a500000, 0x000000030a600000|  0%| F|  |TAMS 0x000000030a500000, 0x000000030a500000| Untracked 
| 158|0x000000030a600000, 0x000000030a600000, 0x000000030a700000|  0%| F|  |TAMS 0x000000030a600000, 0x000000030a600000| Untracked 
| 159|0x000000030a700000, 0x000000030a700000, 0x000000030a800000|  0%| F|  |TAMS 0x000000030a700000, 0x000000030a700000| Untracked 
| 160|0x000000030a800000, 0x000000030a800000, 0x000000030a900000|  0%| F|  |TAMS 0x000000030a800000, 0x000000030a800000| Untracked 
| 161|0x000000030a900000, 0x000000030a900000, 0x000000030aa00000|  0%| F|  |TAMS 0x000000030a900000, 0x000000030a900000| Untracked 
| 162|0x000000030aa00000, 0x000000030aa00000, 0x000000030ab00000|  0%| F|  |TAMS 0x000000030aa00000, 0x000000030aa00000| Untracked 
| 163|0x000000030ab00000, 0x000000030ab00000, 0x000000030ac00000|  0%| F|  |TAMS 0x000000030ab00000, 0x000000030ab00000| Untracked 
| 164|0x000000030ac00000, 0x000000030ac00000, 0x000000030ad00000|  0%| F|  |TAMS 0x000000030ac00000, 0x000000030ac00000| Untracked 
| 165|0x000000030ad00000, 0x000000030ad00000, 0x000000030ae00000|  0%| F|  |TAMS 0x000000030ad00000, 0x000000030ad00000| Untracked 
| 166|0x000000030ae00000, 0x000000030ae00000, 0x000000030af00000|  0%| F|  |TAMS 0x000000030ae00000, 0x000000030ae00000| Untracked 
| 167|0x000000030af00000, 0x000000030af00000, 0x000000030b000000|  0%| F|  |TAMS 0x000000030af00000, 0x000000030af00000| Untracked 
| 168|0x000000030b000000, 0x000000030b000000, 0x000000030b100000|  0%| F|  |TAMS 0x000000030b000000, 0x000000030b000000| Untracked 
| 169|0x000000030b100000, 0x000000030b100000, 0x000000030b200000|  0%| F|  |TAMS 0x000000030b100000, 0x000000030b100000| Untracked 
| 170|0x000000030b200000, 0x000000030b200000, 0x000000030b300000|  0%| F|  |TAMS 0x000000030b200000, 0x000000030b200000| Untracked 
| 171|0x000000030b300000, 0x000000030b300000, 0x000000030b400000|  0%| F|  |TAMS 0x000000030b300000, 0x000000030b300000| Untracked 
| 172|0x000000030b400000, 0x000000030b400000, 0x000000030b500000|  0%| F|  |TAMS 0x000000030b400000, 0x000000030b400000| Untracked 
| 173|0x000000030b500000, 0x000000030b500000, 0x000000030b600000|  0%| F|  |TAMS 0x000000030b500000, 0x000000030b500000| Untracked 
| 174|0x000000030b600000, 0x000000030b600000, 0x000000030b700000|  0%| F|  |TAMS 0x000000030b600000, 0x000000030b600000| Untracked 
| 175|0x000000030b700000, 0x000000030b700000, 0x000000030b800000|  0%| F|  |TAMS 0x000000030b700000, 0x000000030b700000| Untracked 
| 176|0x000000030b800000, 0x000000030b800000, 0x000000030b900000|  0%| F|  |TAMS 0x000000030b800000, 0x000000030b800000| Untracked 
| 177|0x000000030b900000, 0x000000030b900000, 0x000000030ba00000|  0%| F|  |TAMS 0x000000030b900000, 0x000000030b900000| Untracked 
| 178|0x000000030ba00000, 0x000000030ba00000, 0x000000030bb00000|  0%| F|  |TAMS 0x000000030ba00000, 0x000000030ba00000| Untracked 
| 179|0x000000030bb00000, 0x000000030bb00000, 0x000000030bc00000|  0%| F|  |TAMS 0x000000030bb00000, 0x000000030bb00000| Untracked 
| 180|0x000000030bc00000, 0x000000030bc00000, 0x000000030bd00000|  0%| F|  |TAMS 0x000000030bc00000, 0x000000030bc00000| Untracked 
| 181|0x000000030bd00000, 0x000000030bd00000, 0x000000030be00000|  0%| F|  |TAMS 0x000000030bd00000, 0x000000030bd00000| Untracked 
| 182|0x000000030be00000, 0x000000030be00000, 0x000000030bf00000|  0%| F|  |TAMS 0x000000030be00000, 0x000000030be00000| Untracked 
| 183|0x000000030bf00000, 0x000000030bf00000, 0x000000030c000000|  0%| F|  |TAMS 0x000000030bf00000, 0x000000030bf00000| Untracked 
| 184|0x000000030c000000, 0x000000030c000000, 0x000000030c100000|  0%| F|  |TAMS 0x000000030c000000, 0x000000030c000000| Untracked 
| 185|0x000000030c100000, 0x000000030c100000, 0x000000030c200000|  0%| F|  |TAMS 0x000000030c100000, 0x000000030c100000| Untracked 
| 186|0x000000030c200000, 0x000000030c200000, 0x000000030c300000|  0%| F|  |TAMS 0x000000030c200000, 0x000000030c200000| Untracked 
| 187|0x000000030c300000, 0x000000030c300000, 0x000000030c400000|  0%| F|  |TAMS 0x000000030c300000, 0x000000030c300000| Untracked 
| 188|0x000000030c400000, 0x000000030c400000, 0x000000030c500000|  0%| F|  |TAMS 0x000000030c400000, 0x000000030c400000| Untracked 
| 189|0x000000030c500000, 0x000000030c500000, 0x000000030c600000|  0%| F|  |TAMS 0x000000030c500000, 0x000000030c500000| Untracked 
| 190|0x000000030c600000, 0x000000030c600000, 0x000000030c700000|  0%| F|  |TAMS 0x000000030c600000, 0x000000030c600000| Untracked 
| 191|0x000000030c700000, 0x000000030c700000, 0x000000030c800000|  0%| F|  |TAMS 0x000000030c700000, 0x000000030c700000| Untracked 
| 192|0x000000030c800000, 0x000000030c800000, 0x000000030c900000|  0%| F|  |TAMS 0x000000030c800000, 0x000000030c800000| Untracked 
| 193|0x000000030c900000, 0x000000030c900000, 0x000000030ca00000|  0%| F|  |TAMS 0x000000030c900000, 0x000000030c900000| Untracked 
| 194|0x000000030ca00000, 0x000000030ca00000, 0x000000030cb00000|  0%| F|  |TAMS 0x000000030ca00000, 0x000000030ca00000| Untracked 
| 195|0x000000030cb00000, 0x000000030cb00000, 0x000000030cc00000|  0%| F|  |TAMS 0x000000030cb00000, 0x000000030cb00000| Untracked 
| 196|0x000000030cc00000, 0x000000030cc00000, 0x000000030cd00000|  0%| F|  |TAMS 0x000000030cc00000, 0x000000030cc00000| Untracked 
| 197|0x000000030cd00000, 0x000000030cd00000, 0x000000030ce00000|  0%| F|  |TAMS 0x000000030cd00000, 0x000000030cd00000| Untracked 
| 198|0x000000030ce00000, 0x000000030ce00000, 0x000000030cf00000|  0%| F|  |TAMS 0x000000030ce00000, 0x000000030ce00000| Untracked 
| 199|0x000000030cf00000, 0x000000030cf00000, 0x000000030d000000|  0%| F|  |TAMS 0x000000030cf00000, 0x000000030cf00000| Untracked 
| 200|0x000000030d000000, 0x000000030d000000, 0x000000030d100000|  0%| F|  |TAMS 0x000000030d000000, 0x000000030d000000| Untracked 
| 201|0x000000030d100000, 0x000000030d100000, 0x000000030d200000|  0%| F|  |TAMS 0x000000030d100000, 0x000000030d100000| Untracked 
| 202|0x000000030d200000, 0x000000030d200000, 0x000000030d300000|  0%| F|  |TAMS 0x000000030d200000, 0x000000030d200000| Untracked 
| 203|0x000000030d300000, 0x000000030d300000, 0x000000030d400000|  0%| F|  |TAMS 0x000000030d300000, 0x000000030d300000| Untracked 
| 204|0x000000030d400000, 0x000000030d400000, 0x000000030d500000|  0%| F|  |TAMS 0x000000030d400000, 0x000000030d400000| Untracked 
| 205|0x000000030d500000, 0x000000030d500000, 0x000000030d600000|  0%| F|  |TAMS 0x000000030d500000, 0x000000030d500000| Untracked 
| 206|0x000000030d600000, 0x000000030d600000, 0x000000030d700000|  0%| F|  |TAMS 0x000000030d600000, 0x000000030d600000| Untracked 
| 207|0x000000030d700000, 0x000000030d700000, 0x000000030d800000|  0%| F|  |TAMS 0x000000030d700000, 0x000000030d700000| Untracked 
| 208|0x000000030d800000, 0x000000030d800000, 0x000000030d900000|  0%| F|  |TAMS 0x000000030d800000, 0x000000030d800000| Untracked 
| 209|0x000000030d900000, 0x000000030d900000, 0x000000030da00000|  0%| F|  |TAMS 0x000000030d900000, 0x000000030d900000| Untracked 
| 210|0x000000030da00000, 0x000000030da00000, 0x000000030db00000|  0%| F|  |TAMS 0x000000030da00000, 0x000000030da00000| Untracked 
| 211|0x000000030db00000, 0x000000030db00000, 0x000000030dc00000|  0%| F|  |TAMS 0x000000030db00000, 0x000000030db00000| Untracked 
| 212|0x000000030dc00000, 0x000000030dc00000, 0x000000030dd00000|  0%| F|  |TAMS 0x000000030dc00000, 0x000000030dc00000| Untracked 
| 213|0x000000030dd00000, 0x000000030dd00000, 0x000000030de00000|  0%| F|  |TAMS 0x000000030dd00000, 0x000000030dd00000| Untracked 
| 214|0x000000030de00000, 0x000000030de00000, 0x000000030df00000|  0%| F|  |TAMS 0x000000030de00000, 0x000000030de00000| Untracked 
| 215|0x000000030df00000, 0x000000030df00000, 0x000000030e000000|  0%| F|  |TAMS 0x000000030df00000, 0x000000030df00000| Untracked 
| 216|0x000000030e000000, 0x000000030e000000, 0x000000030e100000|  0%| F|  |TAMS 0x000000030e000000, 0x000000030e000000| Untracked 
| 217|0x000000030e100000, 0x000000030e100000, 0x000000030e200000|  0%| F|  |TAMS 0x000000030e100000, 0x000000030e100000| Untracked 
| 218|0x000000030e200000, 0x000000030e200000, 0x000000030e300000|  0%| F|  |TAMS 0x000000030e200000, 0x000000030e200000| Untracked 
| 219|0x000000030e300000, 0x000000030e300000, 0x000000030e400000|  0%| F|  |TAMS 0x000000030e300000, 0x000000030e300000| Untracked 
| 220|0x000000030e400000, 0x000000030e400000, 0x000000030e500000|  0%| F|  |TAMS 0x000000030e400000, 0x000000030e400000| Untracked 
| 221|0x000000030e500000, 0x000000030e500000, 0x000000030e600000|  0%| F|  |TAMS 0x000000030e500000, 0x000000030e500000| Untracked 
| 222|0x000000030e600000, 0x000000030e600000, 0x000000030e700000|  0%| F|  |TAMS 0x000000030e600000, 0x000000030e600000| Untracked 
| 223|0x000000030e700000, 0x000000030e700000, 0x000000030e800000|  0%| F|  |TAMS 0x000000030e700000, 0x000000030e700000| Untracked 
| 224|0x000000030e800000, 0x000000030e800000, 0x000000030e900000|  0%| F|  |TAMS 0x000000030e800000, 0x000000030e800000| Untracked 
| 225|0x000000030e900000, 0x000000030e900000, 0x000000030ea00000|  0%| F|  |TAMS 0x000000030e900000, 0x000000030e900000| Untracked 
| 226|0x000000030ea00000, 0x000000030ea00000, 0x000000030eb00000|  0%| F|  |TAMS 0x000000030ea00000, 0x000000030ea00000| Untracked 
| 227|0x000000030eb00000, 0x000000030eb00000, 0x000000030ec00000|  0%| F|  |TAMS 0x000000030eb00000, 0x000000030eb00000| Untracked 
| 228|0x000000030ec00000, 0x000000030ec00000, 0x000000030ed00000|  0%| F|  |TAMS 0x000000030ec00000, 0x000000030ec00000| Untracked 
| 229|0x000000030ed00000, 0x000000030eda3930, 0x000000030ee00000| 63%| S|CS|TAMS 0x000000030ed00000, 0x000000030ed00000| Complete 
| 230|0x000000030ee00000, 0x000000030ef00000, 0x000000030ef00000|100%| S|CS|TAMS 0x000000030ee00000, 0x000000030ee00000| Complete 
| 231|0x000000030ef00000, 0x000000030f000000, 0x000000030f000000|100%| S|CS|TAMS 0x000000030ef00000, 0x000000030ef00000| Complete 
| 232|0x000000030f000000, 0x000000030f000000, 0x000000030f100000|  0%| F|  |TAMS 0x000000030f000000, 0x000000030f000000| Untracked 
| 233|0x000000030f100000, 0x000000030f100000, 0x000000030f200000|  0%| F|  |TAMS 0x000000030f100000, 0x000000030f100000| Untracked 
| 234|0x000000030f200000, 0x000000030f200000, 0x000000030f300000|  0%| F|  |TAMS 0x000000030f200000, 0x000000030f200000| Untracked 
| 235|0x000000030f300000, 0x000000030f300000, 0x000000030f400000|  0%| F|  |TAMS 0x000000030f300000, 0x000000030f300000| Untracked 
| 236|0x000000030f400000, 0x000000030f400000, 0x000000030f500000|  0%| F|  |TAMS 0x000000030f400000, 0x000000030f400000| Untracked 
| 237|0x000000030f500000, 0x000000030f500000, 0x000000030f600000|  0%| F|  |TAMS 0x000000030f500000, 0x000000030f500000| Untracked 
| 238|0x000000030f600000, 0x000000030f600000, 0x000000030f700000|  0%| F|  |TAMS 0x000000030f600000, 0x000000030f600000| Untracked 
| 239|0x000000030f700000, 0x000000030f700000, 0x000000030f800000|  0%| F|  |TAMS 0x000000030f700000, 0x000000030f700000| Untracked 
| 240|0x000000030f800000, 0x000000030f800000, 0x000000030f900000|  0%| F|  |TAMS 0x000000030f800000, 0x000000030f800000| Untracked 
| 241|0x000000030f900000, 0x000000030f900000, 0x000000030fa00000|  0%| F|  |TAMS 0x000000030f900000, 0x000000030f900000| Untracked 
| 242|0x000000030fa00000, 0x000000030fa00000, 0x000000030fb00000|  0%| F|  |TAMS 0x000000030fa00000, 0x000000030fa00000| Untracked 
| 243|0x000000030fb00000, 0x000000030fb00000, 0x000000030fc00000|  0%| F|  |TAMS 0x000000030fb00000, 0x000000030fb00000| Untracked 
| 244|0x000000030fc00000, 0x000000030fc00000, 0x000000030fd00000|  0%| F|  |TAMS 0x000000030fc00000, 0x000000030fc00000| Untracked 
| 245|0x000000030fd00000, 0x000000030fd00000, 0x000000030fe00000|  0%| F|  |TAMS 0x000000030fd00000, 0x000000030fd00000| Untracked 
| 246|0x000000030fe00000, 0x000000030fe00000, 0x000000030ff00000|  0%| F|  |TAMS 0x000000030fe00000, 0x000000030fe00000| Untracked 
| 247|0x000000030ff00000, 0x000000030ff00000, 0x0000000310000000|  0%| F|  |TAMS 0x000000030ff00000, 0x000000030ff00000| Untracked 
| 248|0x0000000310000000, 0x0000000310000000, 0x0000000310100000|  0%| F|  |TAMS 0x0000000310000000, 0x0000000310000000| Untracked 
| 249|0x0000000310100000, 0x0000000310100000, 0x0000000310200000|  0%| F|  |TAMS 0x0000000310100000, 0x0000000310100000| Untracked 
| 250|0x0000000310200000, 0x0000000310200000, 0x0000000310300000|  0%| F|  |TAMS 0x0000000310200000, 0x0000000310200000| Untracked 
| 251|0x0000000310300000, 0x0000000310300000, 0x0000000310400000|  0%| F|  |TAMS 0x0000000310300000, 0x0000000310300000| Untracked 
| 252|0x0000000310400000, 0x0000000310400000, 0x0000000310500000|  0%| F|  |TAMS 0x0000000310400000, 0x0000000310400000| Untracked 
| 253|0x0000000310500000, 0x0000000310582830, 0x0000000310600000| 50%| E|  |TAMS 0x0000000310500000, 0x0000000310500000| Complete 
| 254|0x0000000310600000, 0x0000000310700000, 0x0000000310700000|100%| E|CS|TAMS 0x0000000310600000, 0x0000000310600000| Complete 
| 255|0x0000000310700000, 0x0000000310800000, 0x0000000310800000|100%| E|CS|TAMS 0x0000000310700000, 0x0000000310700000| Complete 

Card table byte_map: [0x000000011e604000,0x000000011ee04000] _byte_map_base: 0x000000011ce00000

Marking Bits (Prev, Next): (CMBitMap*) 0x0000000100d875e8, (CMBitMap*) 0x0000000100d87620
 Prev Bits: [0x000000011f604000, 0x0000000123604000)
 Next Bits: [0x0000000123604000, 0x0000000127604000)

Polling page: 0x000000010075c000

Metaspace:

Usage:
  Non-class:     11.05 MB capacity,    10.95 MB (>99%) used,    88.45 KB ( <1%) free+waste,    13.50 KB ( <1%) overhead. 
      Class:    984.00 KB capacity,   934.88 KB ( 95%) used,    43.06 KB (  4%) free+waste,     6.06 KB ( <1%) overhead. 
       Both:     12.01 MB capacity,    11.87 MB ( 99%) used,   131.51 KB (  1%) free+waste,    19.56 KB ( <1%) overhead. 

Virtual space:
  Non-class space:       12.00 MB reserved,      11.25 MB ( 94%) committed 
      Class space:        1.00 GB reserved,       1.00 MB ( <1%) committed 
             Both:        1.01 GB reserved,      12.25 MB (  1%) committed 

Chunk freelists:
   Non-Class:  169.00 KB
       Class:  8.00 KB
        Both:  177.00 KB

MaxMetaspaceSize: unlimited
CompressedClassSpaceSize: 1.00 GB
Initial GC threshold: 20.80 MB
Current GC threshold: 20.80 MB
CDS: off

CodeHeap 'non-profiled nmethods': size=120032Kb used=472Kb max_used=472Kb free=119560Kb
 bounds [0x0000000116bf4000, 0x0000000116e64000, 0x000000011e12c000]
CodeHeap 'profiled nmethods': size=120016Kb used=2392Kb max_used=2392Kb free=117623Kb
 bounds [0x000000010f6c0000, 0x000000010f930000, 0x0000000116bf4000]
CodeHeap 'non-nmethods': size=5712Kb used=1601Kb max_used=1650Kb free=4110Kb
 bounds [0x000000010f12c000, 0x000000010f39c000, 0x000000010f6c0000]
 total_blobs=2173 nmethods=1129 adapters=961
 compilation: enabled
              stopped_count=0, restarted_count=0
 full_count=0

Compilation events (20 events):
Event: 5.198 Thread 0x0000000736e45000 1135       3       java.nio.CharBuffer::<init> (22 bytes)
Event: 5.198 Thread 0x0000000736e45000 nmethod 1135 0x000000010f911210 code [0x000000010f9113c0, 0x000000010f911600]
Event: 5.198 Thread 0x0000000736e45000 1136   !   3       java.nio.CharBuffer::wrap (20 bytes)
Event: 5.198 Thread 0x0000000736e45000 nmethod 1136 0x000000010f911710 code [0x000000010f911900, 0x000000010f911d30]
Event: 5.198 Thread 0x0000000736e45000 1137       3       java.nio.HeapCharBuffer::<init> (21 bytes)
Event: 5.198 Thread 0x0000000736e45000 nmethod 1137 0x000000010f911f90 code [0x000000010f912140, 0x000000010f912400]
Event: 5.198 Thread 0x0000000736e45000 1133       3       java.util.regex.Pattern$$Lambda$16/0x0000000b0009a840::is (5 bytes)
Event: 5.198 Thread 0x0000000736e45000 nmethod 1133 0x000000010f912590 code [0x000000010f912740, 0x000000010f912a10]
Event: 5.198 Thread 0x0000000736e45000 1141       3       java.lang.Character::codePointAt (51 bytes)
Event: 5.198 Thread 0x0000000736e45000 nmethod 1141 0x000000010f912b10 code [0x000000010f912d40, 0x000000010f913460]
Event: 5.198 Thread 0x0000000736e45000 1142       3       java.lang.Character::isHighSurrogate (18 bytes)
Event: 5.198 Thread 0x0000000736e45000 nmethod 1142 0x000000010f913690 code [0x000000010f913840, 0x000000010f913a10]
Event: 5.198 Thread 0x0000000736e45000 1134       3       java.util.regex.Pattern::lambda$DOT$12 (34 bytes)
Event: 5.198 Thread 0x0000000736e45000 nmethod 1134 0x000000010f913a90 code [0x000000010f913c40, 0x000000010f913e50]
Event: 5.198 Thread 0x0000000736e45000 1143   !   3       java.nio.charset.CharsetDecoder::decode (287 bytes)
Event: 5.198 Thread 0x0000000736e45000 nmethod 1143 0x000000010f913f10 code [0x000000010f914340, 0x000000010f915990]
Event: 5.198 Thread 0x0000000736e45000 1144       1       org.lwjgl.system.MemoryStack::getPointer (5 bytes)
Event: 5.198 Thread 0x0000000736e45000 nmethod 1144 0x0000000116c5f790 code [0x0000000116c5f940, 0x0000000116c5fa90]
Event: 5.200 Thread 0x0000000736e44000 nmethod 1126 0x0000000116c5fb10 code [0x0000000116c60200, 0x0000000116c64420]
Event: 5.200 Thread 0x0000000736e44000 1138 % !   4       java.io.BufferedReader::readLine @ 131 (304 bytes)

GC Heap History (2 events):
Event: 3.360 GC heap before
{Heap before GC invocations=0 (full 0):
 garbage-first heap   total 262144K, used 23552K [0x0000000300800000, 0x0000000400800000)
  region size 1024K, 24 young (24576K), 0 survivors (0K)
 Metaspace       used 12072K, capacity 12239K, committed 12544K, reserved 1060864K
  class space    used 931K, capacity 984K, committed 1024K, reserved 1048576K
}
Event: 3.362 GC heap after
{Heap after GC invocations=1 (full 0):
 garbage-first heap   total 262144K, used 2702K [0x0000000300800000, 0x0000000400800000)
  region size 1024K, 3 young (3072K), 3 survivors (3072K)
 Metaspace       used 12072K, capacity 12239K, committed 12544K, reserved 1060864K
  class space    used 931K, capacity 984K, committed 1024K, reserved 1048576K
}

Deoptimization events (20 events):
Event: 0.338 Thread 0x0000000100d7f800 Uncommon trap: trap_request=0xffffff76 fr.pc=0x0000000116c1ef38 relative=0x0000000000000338
Event: 0.338 Thread 0x0000000100d7f800 Uncommon trap: reason=loop_limit_check action=maybe_recompile pc=0x0000000116c1ef38 method=java.lang.StringLatin1.indexOf([BI[BII)I @ 37 c2
Event: 0.338 Thread 0x0000000100d7f800 DEOPT PACKING pc=0x0000000116c1ef38 sp=0x000000016f6c5610
Event: 0.338 Thread 0x0000000100d7f800 DEOPT UNPACKING pc=0x000000010f160d9c sp=0x000000016f6c5570 mode 2
Event: 3.357 Thread 0x0000000100d7f800 Uncommon trap: trap_request=0xffffff4d fr.pc=0x0000000116c558f0 relative=0x0000000000000370
Event: 3.357 Thread 0x0000000100d7f800 Uncommon trap: reason=unstable_if action=reinterpret pc=0x0000000116c558f0 method=com.badlogic.gdx.utils.ObjectIntMap.locateKey(Ljava/lang/Object;)I @ 32 c2
Event: 3.357 Thread 0x0000000100d7f800 DEOPT PACKING pc=0x0000000116c558f0 sp=0x000000016f6c5b40
Event: 3.357 Thread 0x0000000100d7f800 DEOPT UNPACKING pc=0x000000010f160d9c sp=0x000000016f6c5ae0 mode 2
Event: 3.359 Thread 0x0000000100d7f800 Uncommon trap: trap_request=0xffffff4d fr.pc=0x0000000116c41100 relative=0x0000000000000b40
Event: 3.359 Thread 0x0000000100d7f800 Uncommon trap: reason=unstable_if action=reinterpret pc=0x0000000116c41100 method=java.io.BufferedReader.readLine(Z)Ljava/lang/String; @ 192 c2
Event: 3.359 Thread 0x0000000100d7f800 DEOPT PACKING pc=0x0000000116c41100 sp=0x000000016f6c5b10
Event: 3.359 Thread 0x0000000100d7f800 DEOPT UNPACKING pc=0x000000010f160d9c sp=0x000000016f6c5a60 mode 2
Event: 3.366 Thread 0x0000000100d7f800 DEOPT PACKING pc=0x000000010f7297f0 sp=0x000000016f6c54c0
Event: 3.366 Thread 0x0000000100d7f800 DEOPT UNPACKING pc=0x000000010f16127c sp=0x000000016f6c5350 mode 0
Event: 3.366 Thread 0x0000000100d7f800 DEOPT PACKING pc=0x000000010f7297f0 sp=0x000000016f6c54c0
Event: 3.366 Thread 0x0000000100d7f800 DEOPT UNPACKING pc=0x000000010f16127c sp=0x000000016f6c5350 mode 0
Event: 3.369 Thread 0x0000000100d7f800 Uncommon trap: trap_request=0xffffff4d fr.pc=0x0000000116c50124 relative=0x0000000000002f64
Event: 3.369 Thread 0x0000000100d7f800 Uncommon trap: reason=unstable_if action=reinterpret pc=0x0000000116c50124 method=com.badlogic.gdx.utils.Pool.obtain()Ljava/lang/Object; @ 7 c2
Event: 3.369 Thread 0x0000000100d7f800 DEOPT PACKING pc=0x0000000116c50124 sp=0x000000016f6c5d90
Event: 3.369 Thread 0x0000000100d7f800 DEOPT UNPACKING pc=0x000000010f160d9c sp=0x000000016f6c5cd0 mode 2

Classes redefined (0 events):
No events

Internal exceptions (20 events):
Event: 0.109 Thread 0x0000000100d7f800 Exception <a 'java/security/PrivilegedActionException'{0x000000030fbb3070}> (0x000000030fbb3070) thrown at [src/hotspot/share/prims/jvm.cpp, line 1306]
Event: 0.109 Thread 0x0000000100d7f800 Exception <a 'java/security/PrivilegedActionException'{0x000000030fbb3340}> (0x000000030fbb3340) thrown at [src/hotspot/share/prims/jvm.cpp, line 1306]
Event: 0.144 Thread 0x0000000100d7f800 Exception <a 'java/security/PrivilegedActionException'{0x000000030fa4cd88}> (0x000000030fa4cd88) thrown at [src/hotspot/share/prims/jvm.cpp, line 1306]
Event: 0.144 Thread 0x0000000100d7f800 Exception <a 'java/security/PrivilegedActionException'{0x000000030fa4d058}> (0x000000030fa4d058) thrown at [src/hotspot/share/prims/jvm.cpp, line 1306]
Event: 0.149 Thread 0x0000000100d7f800 Exception <a 'sun/nio/fs/UnixException'{0x000000030fa88758}> (0x000000030fa88758) thrown at [src/hotspot/share/prims/jni.cpp, line 617]
Event: 0.153 Thread 0x0000000100d7f800 Exception <a 'java/security/PrivilegedActionException'{0x000000030faa6920}> (0x000000030faa6920) thrown at [src/hotspot/share/prims/jvm.cpp, line 1306]
Event: 0.153 Thread 0x0000000100d7f800 Exception <a 'java/security/PrivilegedActionException'{0x000000030faa6bf0}> (0x000000030faa6bf0) thrown at [src/hotspot/share/prims/jvm.cpp, line 1306]
Event: 0.153 Thread 0x0000000100d7f800 Exception <a 'java/security/PrivilegedActionException'{0x000000030fabbee8}> (0x000000030fabbee8) thrown at [src/hotspot/share/prims/jvm.cpp, line 1306]
Event: 0.153 Thread 0x0000000100d7f800 Exception <a 'java/security/PrivilegedActionException'{0x000000030fabc1b8}> (0x000000030fabc1b8) thrown at [src/hotspot/share/prims/jvm.cpp, line 1306]
Event: 0.154 Thread 0x0000000100d7f800 Exception <a 'java/security/PrivilegedActionException'{0x000000030fae3f70}> (0x000000030fae3f70) thrown at [src/hotspot/share/prims/jvm.cpp, line 1306]
Event: 0.154 Thread 0x0000000100d7f800 Exception <a 'java/security/PrivilegedActionException'{0x000000030fae4240}> (0x000000030fae4240) thrown at [src/hotspot/share/prims/jvm.cpp, line 1306]
Event: 0.213 Thread 0x0000000100d7f800 Exception <a 'java/lang/NoSuchMethodError'{0x000000030f933bf8}: 'java.lang.Object java.lang.invoke.DirectMethodHandle$Holder.invokeStatic(java.lang.Object, long)'> (0x000000030f933bf8) thrown at [src/hotspot/share/interpreter/linkResolver.cpp, line 773]
Event: 0.213 Thread 0x0000000100d7f800 Exception <a 'java/lang/NoSuchMethodError'{0x000000030f936c78}: 'java.lang.Object java.lang.invoke.DirectMethodHandle$Holder.invokeSpecial(java.lang.Object, java.lang.Object, long)'> (0x000000030f936c78) thrown at [src/hotspot/share/interpreter/linkResolver.cpp, line 773]
Event: 0.213 Thread 0x0000000100d7f800 Exception <a 'java/lang/NoSuchMethodError'{0x000000030f939738}: 'java.lang.Object java.lang.invoke.Invokers$Holder.linkToTargetMethod(long, java.lang.Object)'> (0x000000030f939738) thrown at [src/hotspot/share/interpreter/linkResolver.cpp, line 773]
Event: 0.213 Thread 0x0000000100d7f800 Exception <a 'java/security/PrivilegedActionException'{0x000000030f941498}> (0x000000030f941498) thrown at [src/hotspot/share/prims/jvm.cpp, line 1306]
Event: 0.213 Thread 0x0000000100d7f800 Exception <a 'java/security/PrivilegedActionException'{0x000000030f941768}> (0x000000030f941768) thrown at [src/hotspot/share/prims/jvm.cpp, line 1306]
Event: 0.263 Thread 0x0000000100d7f800 Exception <a 'sun/nio/fs/UnixException'{0x000000030f774440}> (0x000000030f774440) thrown at [src/hotspot/share/prims/jni.cpp, line 617]
Event: 0.334 Thread 0x0000000100d7f800 Exception <a 'java/security/PrivilegedActionException'{0x000000030f2dcfb0}> (0x000000030f2dcfb0) thrown at [src/hotspot/share/prims/jvm.cpp, line 1306]
Event: 0.334 Thread 0x0000000100d7f800 Exception <a 'java/security/PrivilegedActionException'{0x000000030f2dd280}> (0x000000030f2dd280) thrown at [src/hotspot/share/prims/jvm.cpp, line 1306]
Event: 3.357 Thread 0x0000000100d7f800 Implicit null exception at 0x0000000116c5571c to 0x0000000116c558d8

Events (20 events):
Event: 3.364 Executing VM operation: RevokeBias
Event: 3.364 Executing VM operation: RevokeBias done
Event: 3.364 Executing VM operation: RevokeBias
Event: 3.364 Executing VM operation: RevokeBias done
Event: 3.364 Executing VM operation: BulkRevokeBias
Event: 3.364 Executing VM operation: BulkRevokeBias done
Event: 5.195 loading class com/rogueforge/game/screen/GameScreen
Event: 5.195 loading class com/rogueforge/game/screen/GameScreen done
Event: 5.195 Executing VM operation: RevokeBias
Event: 5.195 Executing VM operation: RevokeBias done
Event: 5.195 loading class com/badlogic/gdx/InputProcessor
Event: 5.195 loading class com/badlogic/gdx/InputProcessor done
Event: 5.195 loading class com/rogueforge/game/core/GameLoop
Event: 5.195 loading class com/rogueforge/game/core/GameLoop done
Event: 5.195 Executing VM operation: RevokeBias
Event: 5.195 Executing VM operation: RevokeBias done
Event: 5.195 loading class com/rogueforge/game/screen/HUDOverlay
Event: 5.195 loading class com/rogueforge/game/screen/HUDOverlay done
Event: 5.198 loading class com/rogueforge/game/screen/GameInputProcessor
Event: 5.198 loading class com/rogueforge/game/screen/GameInputProcessor done


Dynamic libraries:
0x000000010076c000 	/Library/Java/JavaVirtualMachines/amazon-corretto-11.jdk/Contents/Home/lib/jli/libjli.dylib
0x00000001ad4df000 	/System/Library/Frameworks/Cocoa.framework/Versions/A/Cocoa
0x000000019286c000 	/System/Library/Frameworks/AppKit.framework/Versions/C/AppKit
0x0000000195ee0000 	/System/Library/Frameworks/CoreData.framework/Versions/A/CoreData
0x000000018fc66000 	/System/Library/Frameworks/Foundation.framework/Versions/C/Foundation
0x000000019dea3000 	/usr/lib/libSystem.B.dylib
0x0000000193f99000 	/System/Library/PrivateFrameworks/UIFoundation.framework/Versions/A/UIFoundation
0x0000000247cb1000 	/System/Library/PrivateFrameworks/CollectionViewCore.framework/Versions/A/CollectionViewCore
0x000000019b234000 	/System/Library/PrivateFrameworks/XCTTargetBootstrap.framework/Versions/A/XCTTargetBootstrap
0x00000001a090c000 	/System/Library/PrivateFrameworks/InternationalSupport.framework/Versions/A/InternationalSupport
0x00000001a0c66000 	/System/Library/PrivateFrameworks/UserActivity.framework/Versions/A/UserActivity
0x0000000196570000 	/System/Library/PrivateFrameworks/BaseBoard.framework/Versions/A/BaseBoard
0x000000025047e000 	/System/Library/PrivateFrameworks/FrontBoard.framework/Versions/A/FrontBoard
0x00000001a831f000 	/System/Library/PrivateFrameworks/FrontBoardServices.framework/Versions/A/FrontBoardServices
0x000000028c41d000 	/usr/lib/libRosetta.dylib
0x000000027fcd2000 	/System/Library/PrivateFrameworks/UIIntelligenceSupport.framework/Versions/A/UIIntelligenceSupport
0x000000023cbba000 	/System/Library/Frameworks/SwiftUICore.framework/Versions/A/SwiftUICore
0x0000000286286000 	/System/Library/PrivateFrameworks/WritingTools.framework/Versions/A/WritingTools
0x00000002850d7000 	/System/Library/PrivateFrameworks/WindowManagement.framework/Versions/A/WindowManagement
0x000000018f8c5000 	/System/Library/Frameworks/SystemConfiguration.framework/Versions/A/SystemConfiguration
0x000000019fb3e000 	/usr/lib/libspindump.dylib
0x0000000194154000 	/System/Library/Frameworks/UniformTypeIdentifiers.framework/Versions/A/UniformTypeIdentifiers
0x000000019d13a000 	/usr/lib/libbsm.0.dylib
0x000000019893e000 	/usr/lib/libapp_launch_measurement.dylib
0x0000000197c33000 	/System/Library/PrivateFrameworks/CoreAnalytics.framework/Versions/A/CoreAnalytics
0x0000000198942000 	/System/Library/PrivateFrameworks/CoreAutoLayout.framework/Versions/A/CoreAutoLayout
0x000000019a77f000 	/System/Library/Frameworks/Metal.framework/Versions/A/Metal
0x000000019bb87000 	/usr/lib/liblangid.dylib
0x000000019b23a000 	/System/Library/PrivateFrameworks/CoreSVG.framework/Versions/A/CoreSVG
0x0000000194bb5000 	/System/Library/PrivateFrameworks/SkyLight.framework/Versions/A/SkyLight
0x00000002501b7000 	/System/Library/PrivateFrameworks/FocusEngine.framework/Versions/A/FocusEngine
0x000000019517c000 	/System/Library/Frameworks/CoreGraphics.framework/Versions/A/CoreGraphics
0x000000024ddb2000 	/System/Library/PrivateFrameworks/DesignLibrary.framework/Versions/A/DesignLibrary
0x00000001a65e7000 	/System/Library/Frameworks/Accelerate.framework/Versions/A/Accelerate
0x000000019f933000 	/System/Library/PrivateFrameworks/IconServices.framework/Versions/A/IconServices
0x000000019a757000 	/System/Library/Frameworks/IOSurface.framework/Versions/A/IOSurface
0x0000000197c63000 	/usr/lib/libDiagnosticMessagesClient.dylib
0x000000019ddec000 	/usr/lib/libz.1.dylib
0x00000001aa90f000 	/System/Library/Frameworks/ApplicationServices.framework/Versions/A/ApplicationServices
0x000000019b21f000 	/System/Library/PrivateFrameworks/DFRFoundation.framework/Versions/A/DFRFoundation
0x00000001920bb000 	/usr/lib/libicucore.A.dylib
0x00000001a1ea3000 	/System/Library/Frameworks/AudioToolbox.framework/Versions/A/AudioToolbox
0x00000001a0c14000 	/System/Library/PrivateFrameworks/DataDetectorsCore.framework/Versions/A/DataDetectorsCore
0x00000002808e5000 	/System/Library/PrivateFrameworks/UpdateCycle.framework/Versions/A/UpdateCycle
0x00000001beb0a000 	/System/Library/PrivateFrameworks/TextInput.framework/Versions/A/TextInput
0x0000000194af7000 	/usr/lib/libMobileGestalt.dylib
0x000000019af1b000 	/System/Library/Frameworks/Carbon.framework/Versions/A/Frameworks/HIToolbox.framework/Versions/A/HIToolbox
0x0000000198198000 	/System/Library/Frameworks/QuartzCore.framework/Versions/A/QuartzCore
0x0000000191c96000 	/System/Library/Frameworks/Security.framework/Versions/A/Security
0x00000001a5f66000 	/System/Library/Frameworks/Carbon.framework/Versions/A/Frameworks/SpeechRecognition.framework/Versions/A/SpeechRecognition
0x000000019860d000 	/System/Library/PrivateFrameworks/CoreUI.framework/Versions/A/CoreUI
0x00000001914e4000 	/System/Library/Frameworks/CoreAudio.framework/Versions/A/CoreAudio
0x0000000197d57000 	/System/Library/Frameworks/DiskArbitration.framework/Versions/A/DiskArbitration
0x00000001a00e6000 	/System/Library/PrivateFrameworks/MultitouchSupport.framework/Versions/A/MultitouchSupport
0x0000000194af5000 	/usr/lib/libenergytrace.dylib
0x00000001b1fee000 	/System/Library/PrivateFrameworks/RenderBox.framework/Versions/A/RenderBox
0x0000000192713000 	/System/Library/Frameworks/IOKit.framework/Versions/A/IOKit
0x00000001a6370000 	/System/Library/Frameworks/CoreServices.framework/Versions/A/CoreServices
0x00000001988cf000 	/System/Library/PrivateFrameworks/PerformanceAnalysis.framework/Versions/A/PerformanceAnalysis
0x00000002325a4000 	/System/Library/Frameworks/OpenGL.framework/Versions/A/OpenGL
0x000000019898c000 	/usr/lib/libxml2.2.dylib
0x000000019d01b000 	/System/Library/PrivateFrameworks/MobileKeyBag.framework/Versions/A/MobileKeyBag
0x000000018df7c000 	/usr/lib/libobjc.A.dylib
0x000000018e2e2000 	/usr/lib/libc++.1.dylib
0x00000001a62ed000 	/System/Library/Frameworks/Accessibility.framework/Versions/A/Accessibility
0x00000001958d6000 	/System/Library/Frameworks/ColorSync.framework/Versions/A/ColorSync
0x000000018e413000 	/System/Library/Frameworks/CoreFoundation.framework/Versions/A/CoreFoundation
0x000000019b5c7000 	/System/Library/Frameworks/CoreImage.framework/Versions/A/CoreImage
0x00000001912b7000 	/System/Library/Frameworks/CoreText.framework/Versions/A/CoreText
0x0000000233eae000 	/System/Library/Frameworks/CoreTransferable.framework/Versions/A/CoreTransferable
0x00000002343ea000 	/System/Library/Frameworks/DataDetection.framework/Versions/A/DataDetection
0x00000002343ff000 	/System/Library/Frameworks/DeveloperToolsSupport.framework/Versions/A/DeveloperToolsSupport
0x000000019b278000 	/System/Library/Frameworks/ImageIO.framework/Versions/A/ImageIO
0x000000023db2f000 	/System/Library/Frameworks/Symbols.framework/Versions/A/Symbols
0x00000001c3d2f000 	/System/Library/PrivateFrameworks/AttributeGraph.framework/Versions/A/AttributeGraph
0x00000001a83fe000 	/System/Library/PrivateFrameworks/BoardServices.framework/Versions/A/BoardServices
0x00000001e84ee000 	/System/Library/PrivateFrameworks/FeatureFlags.framework/Versions/A/FeatureFlags
0x00000002593f7000 	/System/Library/PrivateFrameworks/Gestures.framework/Versions/A/Gestures
0x000000019dea8000 	/System/Library/PrivateFrameworks/SoftLinking.framework/Versions/A/SoftLinking
0x00000001d25d3000 	/usr/lib/swift/libswiftAccelerate.dylib
0x00000001c8a4a000 	/usr/lib/swift/libswiftCompression.dylib
0x00000001a180b000 	/usr/lib/swift/libswiftCore.dylib
0x00000001baddb000 	/usr/lib/swift/libswiftCoreFoundation.dylib
0x00000001bae34000 	/usr/lib/swift/libswiftCoreImage.dylib
0x00000001a809a000 	/usr/lib/swift/libswiftDispatch.dylib
0x00000001bae35000 	/usr/lib/swift/libswiftIOKit.dylib
0x00000001c8a3d000 	/usr/lib/swift/libswiftMetal.dylib
0x00000001d7dc2000 	/usr/lib/swift/libswiftOSLog.dylib
0x00000001aaf60000 	/usr/lib/swift/libswiftObjectiveC.dylib
0x000000028d65e000 	/usr/lib/swift/libswiftObservation.dylib
0x00000001cdd56000 	/usr/lib/swift/libswiftQuartzCore.dylib
0x000000028d79d000 	/usr/lib/swift/libswiftSynchronization.dylib
0x00000001d25c4000 	/usr/lib/swift/libswiftUniformTypeIdentifiers.dylib
0x00000001baded000 	/usr/lib/swift/libswiftXPC.dylib
0x000000028d7d7000 	/usr/lib/swift/libswift_Builtin_float.dylib
0x000000028d7da000 	/usr/lib/swift/libswift_Concurrency.dylib
0x00000001aaf64000 	/usr/lib/swift/libswiftos.dylib
0x00000001be89a000 	/usr/lib/swift/libswiftsimd.dylib
0x000000019e0cf000 	/usr/lib/libcompression.dylib
0x00000001a086c000 	/System/Library/PrivateFrameworks/TextureIO.framework/Versions/A/TextureIO
0x0000000195a82000 	/System/Library/Frameworks/ApplicationServices.framework/Versions/A/Frameworks/HIServices.framework/Versions/A/HIServices
0x000000019f5bc000 	/usr/lib/libate.dylib
0x000000019de9d000 	/usr/lib/system/libcache.dylib
0x000000019de58000 	/usr/lib/system/libcommonCrypto.dylib
0x000000019de83000 	/usr/lib/system/libcompiler_rt.dylib
0x000000019de78000 	/usr/lib/system/libcopyfile.dylib
0x000000018e11c000 	/usr/lib/system/libcorecrypto.dylib
0x000000018e215000 	/usr/lib/system/libdispatch.dylib
0x000000018dfd0000 	/usr/lib/system/libdyld.dylib
0x000000019de93000 	/usr/lib/system/libkeymgr.dylib
0x000000019de3b000 	/usr/lib/system/libmacho.dylib
0x000000019d112000 	/usr/lib/system/libquarantine.dylib
0x000000019de90000 	/usr/lib/system/libremovefile.dylib
0x0000000194b78000 	/usr/lib/system/libsystem_asl.dylib
0x000000018e0a1000 	/usr/lib/system/libsystem_blocks.dylib
0x000000018e25f000 	/usr/lib/system/libsystem_c.dylib
0x000000019de87000 	/usr/lib/system/libsystem_collections.dylib
0x000000019bb74000 	/usr/lib/system/libsystem_configuration.dylib
0x000000019a71e000 	/usr/lib/system/libsystem_containermanager.dylib
0x000000019d8a2000 	/usr/lib/system/libsystem_coreservices.dylib
0x000000019238d000 	/usr/lib/system/libsystem_darwin.dylib
0x000000028db2d000 	/usr/lib/system/libsystem_darwindirectory.dylib
0x000000019de94000 	/usr/lib/system/libsystem_dnssd.dylib
0x000000028db31000 	/usr/lib/system/libsystem_eligibility.dylib
0x000000018e25c000 	/usr/lib/system/libsystem_featureflags.dylib
0x000000018e3e3000 	/usr/lib/system/libsystem_info.dylib
0x000000019ddfc000 	/usr/lib/system/libsystem_m.dylib
0x000000018e1c9000 	/usr/lib/system/libsystem_malloc.dylib
0x0000000194ada000 	/usr/lib/system/libsystem_networkextension.dylib
0x00000001927fe000 	/usr/lib/system/libsystem_notify.dylib
0x000000019bb79000 	/usr/lib/system/libsystem_sandbox.dylib
0x000000028db3b000 	/usr/lib/system/libsystem_sanitizers.dylib
0x000000019de8c000 	/usr/lib/system/libsystem_secinit.dylib
0x000000018e390000 	/usr/lib/system/libsystem_kernel.dylib
0x000000018e3da000 	/usr/lib/system/libsystem_platform.dylib
0x000000018e3cd000 	/usr/lib/system/libsystem_pthread.dylib
0x0000000196754000 	/usr/lib/system/libsystem_symptoms.dylib
0x000000018e0fb000 	/usr/lib/system/libsystem_trace.dylib
0x000000028db43000 	/usr/lib/system/libsystem_trial.dylib
0x000000019de66000 	/usr/lib/system/libunwind.dylib
0x000000018e0a5000 	/usr/lib/system/libxpc.dylib
0x000000018e375000 	/usr/lib/libc++abi.dylib
0x000000028d36e000 	/usr/lib/libswiftPrespecialized.dylib
0x000000019dea5000 	/usr/lib/libfakelink.dylib
0x000000019471e000 	/System/Library/Frameworks/CFNetwork.framework/Versions/A/CFNetwork
0x000000019def9000 	/usr/lib/libarchive.2.dylib
0x00000001a407b000 	/System/Library/Frameworks/Combine.framework/Versions/A/Combine
0x0000000247cd6000 	/System/Library/PrivateFrameworks/CollectionsInternal.framework/Versions/A/CollectionsInternal
0x000000026ee55000 	/System/Library/PrivateFrameworks/ReflectionInternal.framework/Versions/A/ReflectionInternal
0x000000026fce1000 	/System/Library/PrivateFrameworks/RuntimeInternal.framework/Versions/A/RuntimeInternal
0x00000001b7c82000 	/usr/lib/swift/libswiftDarwin.dylib
0x000000028d7a5000 	/usr/lib/swift/libswiftSystem.dylib
0x000000028d864000 	/usr/lib/swift/libswift_DarwinFoundation1.dylib
0x000000028d945000 	/usr/lib/swift/libswift_StringProcessing.dylib
0x0000000192692000 	/System/Library/PrivateFrameworks/CoreServicesInternal.framework/Versions/A/CoreServicesInternal
0x000000019de70000 	/usr/lib/liboah.dylib
0x00000001aa3ad000 	/System/Library/PrivateFrameworks/DiskImages.framework/Versions/A/DiskImages
0x00000001b7744000 	/System/Library/Frameworks/NetFS.framework/Versions/A/NetFS
0x0000000198906000 	/System/Library/Frameworks/CoreServices.framework/Versions/A/Frameworks/FSEvents.framework/Versions/A/FSEvents
0x0000000192398000 	/System/Library/Frameworks/CoreServices.framework/Versions/A/Frameworks/CarbonCore.framework/Versions/A/CarbonCore
0x0000000197ccb000 	/System/Library/Frameworks/CoreServices.framework/Versions/A/Frameworks/Metadata.framework/Versions/A/Metadata
0x000000019d8aa000 	/System/Library/Frameworks/CoreServices.framework/Versions/A/Frameworks/OSServices.framework/Versions/A/OSServices
0x000000019dff1000 	/System/Library/Frameworks/CoreServices.framework/Versions/A/Frameworks/SearchKit.framework/Versions/A/SearchKit
0x00000001966cd000 	/System/Library/Frameworks/CoreServices.framework/Versions/A/Frameworks/AE.framework/Versions/A/AE
0x000000018e95d000 	/System/Library/Frameworks/CoreServices.framework/Versions/A/Frameworks/LaunchServices.framework/Versions/A/LaunchServices
0x000000019f412000 	/System/Library/Frameworks/CoreServices.framework/Versions/A/Frameworks/DictionaryServices.framework/Versions/A/DictionaryServices
0x0000000198914000 	/System/Library/Frameworks/CoreServices.framework/Versions/A/Frameworks/SharedFileList.framework/Versions/A/SharedFileList
0x000000019e086000 	/usr/lib/libapple_nghttp2.dylib
0x00000001962e7000 	/usr/lib/libsqlite3.dylib
0x00000001aa5f5000 	/System/Library/PrivateFrameworks/AppSupport.framework/Versions/A/AppSupport
0x00000001a253d000 	/System/Library/Frameworks/GSS.framework/Versions/A/GSS
0x0000000196661000 	/System/Library/PrivateFrameworks/RunningBoardServices.framework/Versions/A/RunningBoardServices
0x00000001aaeee000 	/System/Library/PrivateFrameworks/StreamingZip.framework/Versions/A/StreamingZip
0x000000019675d000 	/System/Library/Frameworks/Network.framework/Versions/A/Network
0x000000019de3f000 	/usr/lib/system/libkxld.dylib
0x0000000243537000 	/System/Library/PrivateFrameworks/AppleKeyStore.framework/Versions/A/AppleKeyStore
0x000000028c100000 	/usr/lib/libCoreEntitlements.dylib
0x0000000264d27000 	/System/Library/PrivateFrameworks/MessageSecurity.framework/Versions/A/MessageSecurity
0x00000001962cb000 	/System/Library/PrivateFrameworks/ProtocolBuffer.framework/Versions/A/ProtocolBuffer
0x00000001a749b000 	/System/Library/PrivateFrameworks/SymptomDiagnosticReporter.framework/Versions/A/SymptomDiagnosticReporter
0x000000019f656000 	/System/Library/PrivateFrameworks/CrashReporterSupport.framework/Versions/A/CrashReporterSupport
0x000000019d889000 	/System/Library/PrivateFrameworks/AppleFSCompression.framework/Versions/A/AppleFSCompression
0x000000019d122000 	/usr/lib/libcoretls.dylib
0x000000019f489000 	/usr/lib/libcoretls_cfhelpers.dylib
0x000000019e0c8000 	/usr/lib/libpam.2.dylib
0x000000019f4fb000 	/usr/lib/libxar.1.dylib
0x000000019f48b000 	/System/Library/PrivateFrameworks/APFS.framework/Versions/A/APFS
0x000000027a78d000 	/System/Library/PrivateFrameworks/SwiftASN1Internal.framework/Versions/A/SwiftASN1Internal
0x000000019f50a000 	/usr/lib/libutil.dylib
0x000000019bb82000 	/System/Library/PrivateFrameworks/AppleSystemInfo.framework/Versions/A/AppleSystemInfo
0x000000019ce0a000 	/System/Library/PrivateFrameworks/IOMobileFramebuffer.framework/Versions/A/IOMobileFramebuffer
0x00000001baca1000 	/System/Library/PrivateFrameworks/LoggingSupport.framework/Versions/A/LoggingSupport
0x00000001a25a0000 	/System/Library/PrivateFrameworks/MobileAsset.framework/Versions/A/MobileAsset
0x00000001a74ab000 	/System/Library/PrivateFrameworks/PowerLog.framework/Versions/A/PowerLog
0x000000023ca4c000 	/System/Library/Frameworks/SwiftData.framework/Versions/A/SwiftData
0x0000000198b39000 	/System/Library/PrivateFrameworks/UserManagement.framework/Versions/A/UserManagement
0x0000000194649000 	/usr/lib/libboringssl.dylib
0x0000000196742000 	/usr/lib/libdns_services.dylib
0x00000001b9cd8000 	/usr/lib/libquic.dylib
0x00000001a179b000 	/usr/lib/libusrtcp.dylib
0x0000000244329000 	/System/Library/PrivateFrameworks/AtomicsInternal.framework/Versions/A/AtomicsInternal
0x00000001e064e000 	/System/Library/PrivateFrameworks/InternalSwiftProtobuf.framework/Versions/A/InternalSwiftProtobuf
0x000000028d635000 	/usr/lib/swift/libswiftDistributed.dylib
0x000000019bb80000 	/System/Library/PrivateFrameworks/AggregateDictionary.framework/Versions/A/AggregateDictionary
0x0000000244abc000 	/System/Library/PrivateFrameworks/BiomeLibrary.framework/Versions/A/BiomeLibrary
0x00000001c9a5d000 	/System/Library/PrivateFrameworks/BiomeStreams.framework/Versions/A/BiomeStreams
0x00000001c5c28000 	/System/Library/PrivateFrameworks/BiomeFoundation.framework/Versions/A/BiomeFoundation
0x00000001cfb1e000 	/System/Library/PrivateFrameworks/BiomePubSub.framework/Versions/A/BiomePubSub
0x00000001abf1a000 	/System/Library/PrivateFrameworks/ProactiveSupport.framework/Versions/A/ProactiveSupport
0x000000019f46a000 	/usr/lib/liblzma.5.dylib
0x00000001aa910000 	/System/Library/PrivateFrameworks/InternationalTextSearch.framework/Versions/A/InternationalTextSearch
0x00000001c212c000 	/System/Library/PrivateFrameworks/SoftwareUpdateCoreSupport.framework/Versions/A/SoftwareUpdateCoreSupport
0x00000001ca4e1000 	/System/Library/PrivateFrameworks/SoftwareUpdateCoreConnect.framework/Versions/A/SoftwareUpdateCoreConnect
0x00000001aa4ab000 	/System/Library/PrivateFrameworks/RemoteServiceDiscovery.framework/Versions/A/RemoteServiceDiscovery
0x00000001c1d23000 	/System/Library/PrivateFrameworks/MSUDataAccessor.framework/Versions/A/MSUDataAccessor
0x00000001bcdfd000 	/usr/lib/libbootpolicy.dylib
0x00000001aa4c2000 	/System/Library/PrivateFrameworks/RemoteXPC.framework/Versions/A/RemoteXPC
0x00000001c9929000 	/usr/lib/libFDR.dylib
0x00000001cf73f000 	/usr/lib/libamsupport.dylib
0x000000028c415000 	/usr/lib/libReverseProxyDevice.dylib
0x0000000242e60000 	/System/Library/PrivateFrameworks/AppleDeviceQuerySupport.framework/Versions/A/AppleDeviceQuerySupport
0x00000001d27d3000 	/usr/lib/libpartition2_dynamic.dylib
0x000000019e062000 	/System/Library/PrivateFrameworks/AppleSauce.framework/Versions/A/AppleSauce
0x000000028bfa1000 	/usr/lib/libAppleArchive.dylib
0x000000019d895000 	/usr/lib/libbz2.1.0.dylib
0x0000000197d61000 	/System/Library/Frameworks/Accelerate.framework/Versions/A/Frameworks/vImage.framework/Versions/A/vImage
0x00000001a634a000 	/System/Library/Frameworks/Accelerate.framework/Versions/A/Frameworks/vecLib.framework/Versions/A/vecLib
0x000000019f541000 	/System/Library/Frameworks/Accelerate.framework/Versions/A/Frameworks/vecLib.framework/Versions/A/libvMisc.dylib
0x000000018ee5d000 	/System/Library/Frameworks/Accelerate.framework/Versions/A/Frameworks/vecLib.framework/Versions/A/libBLAS.dylib
0x0000000198a73000 	/System/Library/Frameworks/CoreVideo.framework/Versions/A/CoreVideo
0x00000001a2144000 	/System/Library/Frameworks/ApplicationServices.framework/Versions/A/Frameworks/ATS.framework/Versions/A/ATS
0x00000001a07f5000 	/System/Library/Frameworks/ApplicationServices.framework/Versions/A/Frameworks/PrintCore.framework/Versions/A/PrintCore
0x00000001a2506000 	/System/Library/Frameworks/ApplicationServices.framework/Versions/A/Frameworks/QD.framework/Versions/A/QD
0x00000001a2501000 	/System/Library/Frameworks/ApplicationServices.framework/Versions/A/Frameworks/ColorSyncLegacy.framework/Versions/A/ColorSyncLegacy
0x00000001a2116000 	/System/Library/Frameworks/ApplicationServices.framework/Versions/A/Frameworks/SpeechSynthesis.framework/Versions/A/SpeechSynthesis
0x000000019ac49000 	/System/Library/PrivateFrameworks/FontServices.framework/libFontParser.dylib
0x00000001aa1d1000 	/System/Library/PrivateFrameworks/BackBoardServices.framework/Versions/A/BackBoardServices
0x00000002449d5000 	/System/Library/PrivateFrameworks/BackBoardHIDEventFoundation.framework/Versions/A/BackBoardHIDEventFoundation
0x0000000190dc8000 	/System/Library/Frameworks/CoreDisplay.framework/Versions/A/CoreDisplay
0x00000001a012c000 	/System/Library/Frameworks/VideoToolbox.framework/Versions/A/VideoToolbox
0x000000019e0c6000 	/System/Library/Frameworks/MetalPerformanceShaders.framework/Versions/A/MetalPerformanceShaders
0x000000026dec1000 	/System/Library/PrivateFrameworks/ProDisplayLibrary.framework/Versions/A/ProDisplayLibrary
0x00000001adfb1000 	/System/Library/PrivateFrameworks/IOSurfaceAccelerator.framework/Versions/A/IOSurfaceAccelerator
0x000000019a774000 	/System/Library/PrivateFrameworks/IOAccelerator.framework/Versions/A/IOAccelerator
0x000000019aa8c000 	/System/Library/Frameworks/CoreMedia.framework/Versions/A/CoreMedia
0x0000000194b90000 	/System/Library/PrivateFrameworks/TCC.framework/Versions/A/TCC
0x00000001a00e4000 	/System/Library/PrivateFrameworks/WatchdogClient.framework/Versions/A/WatchdogClient
0x00000001badbb000 	/usr/lib/swift/libswiftCoreAudio.dylib
0x00000001d661b000 	/usr/lib/swift/libswiftCoreMedia.dylib
0x000000028d7bf000 	/usr/lib/swift/libswiftVideoToolbox.dylib
0x00000001cfb7c000 	/System/Library/PrivateFrameworks/BiomeStorage.framework/Versions/A/BiomeStorage
0x000000025f387000 	/System/Library/PrivateFrameworks/IntelligencePlatformLibrary.framework/Versions/A/IntelligencePlatformLibrary
0x000000026d1c0000 	/System/Library/PrivateFrameworks/PoirotSchematizer.framework/Versions/A/PoirotSchematizer
0x0000000245304000 	/System/Library/PrivateFrameworks/BiomeSync.framework/Versions/A/BiomeSync
0x0000000244aa2000 	/System/Library/PrivateFrameworks/BiomeDSL.framework/Versions/A/BiomeDSL
0x000000026d22a000 	/System/Library/PrivateFrameworks/PoirotUDFs.framework/Versions/A/PoirotUDFs
0x000000026d18f000 	/System/Library/PrivateFrameworks/PoirotSQLite.framework/Versions/A/PoirotSQLite
0x00000001a891b000 	/System/Library/PrivateFrameworks/CoreTime.framework/Versions/A/CoreTime
0x000000019dede000 	/usr/lib/libiconv.2.dylib
0x000000019de3a000 	/usr/lib/libcharset.1.dylib
0x000000028d8a5000 	/usr/lib/swift/libswift_RegexParser.dylib
0x0000000246915000 	/System/Library/PrivateFrameworks/CascadeSets.framework/Versions/A/CascadeSets
0x00000001a2710000 	/System/Library/PrivateFrameworks/CorePhoneNumbers.framework/Versions/A/CorePhoneNumbers
0x000000019fecc000 	/System/Library/PrivateFrameworks/AppleJPEG.framework/Versions/A/AppleJPEG
0x000000019f8ae000 	/usr/lib/libexpat.1.dylib
0x00000001a06c8000 	/System/Library/Frameworks/ImageIO.framework/Versions/A/Resources/libPng.dylib
0x00000001a06f4000 	/System/Library/Frameworks/ImageIO.framework/Versions/A/Resources/libTIFF.dylib
0x00000001a07de000 	/System/Library/Frameworks/ImageIO.framework/Versions/A/Resources/libGIF.dylib
0x000000019ff11000 	/System/Library/Frameworks/ImageIO.framework/Versions/A/Resources/libJP2.dylib
0x00000001a0784000 	/System/Library/Frameworks/ImageIO.framework/Versions/A/Resources/libJPEG.dylib
0x00000001a077b000 	/System/Library/Frameworks/ImageIO.framework/Versions/A/Resources/libRadiance.dylib
0x0000000255b65000 	/System/Library/PrivateFrameworks/GPUCompiler.framework/Versions/32023/Libraries/libllvm-flatbuffers.dylib
0x0000000250471000 	/System/Library/PrivateFrameworks/FramePacing.framework/Versions/A/FramePacing
0x0000000232596000 	/System/Library/Frameworks/OpenGL.framework/Versions/A/Libraries/libCoreFSCache.dylib
0x00000002515b2000 	/System/Library/PrivateFrameworks/GPUCompiler.framework/Versions/32023/Libraries/libGPUCompilerUtils.dylib
0x00000001a84cb000 	/System/Library/PrivateFrameworks/GraphicsServices.framework/Versions/A/GraphicsServices
0x00000001ac0a6000 	/System/Library/PrivateFrameworks/ASEProcessing.framework/Versions/A/ASEProcessing
0x00000001dbe1d000 	/System/Library/PrivateFrameworks/Symbolication.framework/Versions/A/Symbolication
0x000000026cdac000 	/System/Library/PrivateFrameworks/PhotosensitivityProcessing.framework/Versions/A/PhotosensitivityProcessing
0x000000026ff1a000 	/System/Library/PrivateFrameworks/SILManager.framework/Versions/A/SILManager
0x000000019fae0000 	/System/Library/PrivateFrameworks/GraphVisualizer.framework/Versions/A/GraphVisualizer
0x00000002325f5000 	/System/Library/Frameworks/OpenGL.framework/Versions/A/Libraries/libGLU.dylib
0x00000002325b8000 	/System/Library/Frameworks/OpenGL.framework/Versions/A/Libraries/libGFXShared.dylib
0x0000000232784000 	/System/Library/Frameworks/OpenGL.framework/Versions/A/Libraries/libGL.dylib
0x00000002325c1000 	/System/Library/Frameworks/OpenGL.framework/Versions/A/Libraries/libGLImage.dylib
0x00000002325b5000 	/System/Library/Frameworks/OpenGL.framework/Versions/A/Libraries/libCVMSPluginSupport.dylib
0x000000023259e000 	/System/Library/Frameworks/OpenGL.framework/Versions/A/Libraries/libCoreVMClient.dylib
0x000000025037c000 	/System/Library/PrivateFrameworks/FontServices.framework/Versions/A/FontServices
0x000000019faf0000 	/System/Library/PrivateFrameworks/OTSVG.framework/Versions/A/OTSVG
0x00000001985ba000 	/System/Library/Frameworks/ApplicationServices.framework/Versions/A/Frameworks/ATS.framework/Versions/A/Resources/libFontRegistry.dylib
0x000000028c925000 	/usr/lib/libhvf.dylib
0x0000000269be4000 	/System/Library/PrivateFrameworks/ParsingInternal.framework/Versions/A/ParsingInternal
0x0000000250380000 	/System/Library/PrivateFrameworks/FontServices.framework/libXTFontStaticRegistryData.dylib
0x000000019babf000 	/System/Library/Frameworks/MetalPerformanceShaders.framework/Versions/A/Frameworks/MPSCore.framework/Versions/A/MPSCore
0x000000019d7f4000 	/System/Library/Frameworks/MetalPerformanceShaders.framework/Versions/A/Frameworks/MPSImage.framework/Versions/A/MPSImage
0x000000019d1c5000 	/System/Library/Frameworks/MetalPerformanceShaders.framework/Versions/A/Frameworks/MPSNeuralNetwork.framework/Versions/A/MPSNeuralNetwork
0x000000019d5fd000 	/System/Library/Frameworks/MetalPerformanceShaders.framework/Versions/A/Frameworks/MPSMatrix.framework/Versions/A/MPSMatrix
0x000000019d412000 	/System/Library/Frameworks/MetalPerformanceShaders.framework/Versions/A/Frameworks/MPSRayIntersector.framework/Versions/A/MPSRayIntersector
0x000000019d62f000 	/System/Library/Frameworks/MetalPerformanceShaders.framework/Versions/A/Frameworks/MPSNDArray.framework/Versions/A/MPSNDArray
0x000000023672d000 	/System/Library/Frameworks/MetalPerformanceShaders.framework/Versions/A/Frameworks/MPSFunctions.framework/Versions/A/MPSFunctions
0x000000023670e000 	/System/Library/Frameworks/MetalPerformanceShaders.framework/Versions/A/Frameworks/MPSBenchmarkLoop.framework/Versions/A/MPSBenchmarkLoop
0x0000000236742000 	/System/Library/Frameworks/MetalPerformanceShaders.framework/Versions/A/Frameworks/MPSHost.framework/Versions/A/MPSHost
0x000000018ec79000 	/System/Library/PrivateFrameworks/MetalTools.framework/Versions/A/MetalTools
0x00000001bff46000 	/System/Library/PrivateFrameworks/IOAccelMemoryInfo.framework/Versions/A/IOAccelMemoryInfo
0x00000001ce14c000 	/System/Library/PrivateFrameworks/kperf.framework/Versions/A/kperf
0x00000001badb7000 	/System/Library/PrivateFrameworks/GPURawCounter.framework/Versions/A/GPURawCounter
0x00000001a8804000 	/System/Library/PrivateFrameworks/CoreSymbolication.framework/Versions/A/CoreSymbolication
0x00000001bad2e000 	/System/Library/PrivateFrameworks/MallocStackLogging.framework/Versions/A/MallocStackLogging
0x00000001a87e1000 	/System/Library/PrivateFrameworks/DebugSymbols.framework/Versions/A/DebugSymbols
0x00000001cc9b2000 	/System/Library/PrivateFrameworks/OSAnalytics.framework/Versions/A/OSAnalytics
0x000000024e269000 	/System/Library/PrivateFrameworks/DeviceRecovery.framework/Versions/A/DeviceRecovery
0x0000000234544000 	/System/Library/Frameworks/ExtensionFoundation.framework/Versions/A/ExtensionFoundation
0x000000019fb31000 	/System/Library/PrivateFrameworks/AppServerSupport.framework/Versions/A/AppServerSupport
0x00000002358ac000 	/System/Library/Frameworks/LightweightCodeRequirements.framework/Versions/A/LightweightCodeRequirements
0x000000019f7ad000 	/System/Library/PrivateFrameworks/PlugInKit.framework/Versions/A/PlugInKit
0x000000019d033000 	/System/Library/PrivateFrameworks/AssertionServices.framework/Versions/A/AssertionServices
0x000000019f8d3000 	/System/Library/PrivateFrameworks/IconFoundation.framework/Versions/A/IconFoundation
0x000000025c289000 	/System/Library/PrivateFrameworks/IconRendering.framework/Versions/A/IconRendering
0x000000026fe92000 	/System/Library/PrivateFrameworks/SFSymbols.framework/Versions/A/SFSymbols
0x0000000190eec000 	/System/Library/PrivateFrameworks/AudioToolboxCore.framework/Versions/A/AudioToolboxCore
0x00000001a207e000 	/System/Library/PrivateFrameworks/AudioSession.framework/Versions/A/AudioSession
0x00000001ad2f2000 	/System/Library/Frameworks/CoreMIDI.framework/Versions/A/CoreMIDI
0x00000001a20fd000 	/usr/lib/libAudioStatistics.dylib
0x000000019aa63000 	/System/Library/PrivateFrameworks/caulk.framework/Versions/A/caulk
0x00000001a06a2000 	/usr/lib/libAudioToolboxUtility.dylib
0x00000001c156c000 	/usr/lib/swift/libswiftCoreMIDI.dylib
0x00000001a250f000 	/System/Library/PrivateFrameworks/perfdata.framework/Versions/A/perfdata
0x00000001b9dd5000 	/System/Library/PrivateFrameworks/SystemPolicy.framework/Versions/A/SystemPolicy
0x00000001a23b4000 	/usr/lib/libSMC.dylib
0x00000001a251d000 	/usr/lib/libperfcheck.dylib
0x00000002443e9000 	/System/Library/PrivateFrameworks/AudioAnalytics.framework/Versions/A/AudioAnalytics
0x000000028d868000 	/usr/lib/swift/libswift_DarwinFoundation2.dylib
0x000000028d869000 	/usr/lib/swift/libswift_DarwinFoundation3.dylib
0x00000001e034b000 	/System/Library/Frameworks/OSLog.framework/Versions/A/OSLog
0x00000001bad60000 	/usr/lib/libmis.dylib
0x000000019f9f1000 	/System/Library/PrivateFrameworks/MediaExperience.framework/Versions/A/MediaExperience
0x00000001a1e4c000 	/System/Library/PrivateFrameworks/AudioSession.framework/libSessionUtility.dylib
0x00000001a07e4000 	/System/Library/PrivateFrameworks/CMCaptureCore.framework/Versions/A/CMCaptureCore
0x00000001a7395000 	/System/Library/Frameworks/CoreBluetooth.framework/Versions/A/CoreBluetooth
0x000000019ce9f000 	/System/Library/PrivateFrameworks/CoreUtils.framework/Versions/A/CoreUtils
0x00000001b2d15000 	/System/Library/PrivateFrameworks/HID.framework/Versions/A/HID
0x000000024d666000 	/System/Library/PrivateFrameworks/CoreUtilsExtras.framework/Versions/A/CoreUtilsExtras
0x000000025c1de000 	/System/Library/PrivateFrameworks/IO80211.framework/Versions/A/IO80211
0x00000001a3dce000 	/System/Library/Frameworks/IOBluetooth.framework/Versions/A/IOBluetooth
0x0000000243fd7000 	/System/Library/PrivateFrameworks/ArgumentParserInternal.framework/Versions/A/ArgumentParserInternal
0x000000019f64d000 	/usr/lib/libIOReport.dylib
0x000000019d042000 	/System/Library/Frameworks/SecurityFoundation.framework/Versions/A/SecurityFoundation
0x000000018f63d000 	/System/Library/PrivateFrameworks/Lexicon.framework/Versions/A/Lexicon
0x000000019d1ad000 	/usr/lib/libgermantok.dylib
0x000000019bcab000 	/System/Library/PrivateFrameworks/LinguisticData.framework/Versions/A/LinguisticData
0x00000001a759d000 	/System/Library/PrivateFrameworks/MediaKit.framework/Versions/A/MediaKit
0x00000001a74e8000 	/System/Library/Frameworks/DiscRecording.framework/Versions/A/DiscRecording
0x000000019f8c9000 	/usr/lib/libheimdal-asn1.dylib
0x00000001aaec4000 	/System/Library/Frameworks/AudioUnit.framework/Versions/A/AudioUnit
0x00000001988d9000 	/System/Library/Frameworks/OpenDirectory.framework/Versions/A/OpenDirectory
0x00000001988e7000 	/System/Library/Frameworks/OpenDirectory.framework/Versions/A/Frameworks/CFOpenDirectory.framework/Versions/A/CFOpenDirectory
0x0000000232b08000 	/System/Library/Frameworks/AVFAudio.framework/Versions/A/AVFAudio
0x00000001b3ce6000 	/usr/lib/libAccessibility.dylib
0x000000025ff2e000 	/System/Library/PrivateFrameworks/IsolatedCoreAudioClient.framework/Versions/A/IsolatedCoreAudioClient
0x000000027dd68000 	/System/Library/PrivateFrameworks/Tightbeam.framework/Versions/A/Tightbeam
0x0000000249564000 	/System/Library/PrivateFrameworks/CoreAudioOrchestration.framework/Versions/A/CoreAudioOrchestration
0x00000001d2d26000 	/System/Library/PrivateFrameworks/AFKUser.framework/Versions/A/AFKUser
0x00000001a6637000 	/System/Library/Frameworks/MediaAccessibility.framework/Versions/A/MediaAccessibility
0x0000000281f87000 	/System/Library/PrivateFrameworks/VideoToolboxParavirtualizationSupport.framework/Versions/A/VideoToolboxParavirtualizationSupport
0x000000019f865000 	/System/Library/PrivateFrameworks/AppleVA.framework/Versions/A/AppleVA
0x00000001a0776000 	/System/Library/PrivateFrameworks/GPUWrangler.framework/Versions/A/GPUWrangler
0x00000001a0756000 	/System/Library/PrivateFrameworks/IOPresentment.framework/Versions/A/IOPresentment
0x00000001a077e000 	/System/Library/PrivateFrameworks/DSExternalDisplay.framework/Versions/A/DSExternalDisplay
0x0000000243e2e000 	/System/Library/PrivateFrameworks/AppleMobileFileIntegrity.framework/Versions/A/AppleMobileFileIntegrity
0x000000028c4a2000 	/usr/lib/libTLE.dylib
0x00000001f1651000 	/System/Library/PrivateFrameworks/ConfigProfileHelper.framework/Versions/A/ConfigProfileHelper
0x00000001e645e000 	/usr/lib/libedit.3.dylib
0x00000002614ae000 	/System/Library/PrivateFrameworks/MIL.framework/Versions/A/MIL
0x00000001bff09000 	/usr/lib/libncurses.5.4.dylib
0x000000019cdd4000 	/System/Library/PrivateFrameworks/CoreEmoji.framework/Versions/A/CoreEmoji
0x000000018f959000 	/usr/lib/libCRFSuite.dylib
0x000000019bb89000 	/System/Library/PrivateFrameworks/CoreNLP.framework/Versions/A/CoreNLP
0x000000019d14c000 	/usr/lib/libmecab.dylib
0x000000019e059000 	/usr/lib/libThaiTokenizer.dylib
0x00000001e0816000 	/System/Library/PrivateFrameworks/HIDDisplay.framework/Versions/A/HIDDisplay
0x00000001a07b0000 	/System/Library/Frameworks/ApplicationServices.framework/Versions/A/Frameworks/ATSUI.framework/Versions/A/ATSUI
0x00000001a2495000 	/usr/lib/libcups.2.dylib
0x00000001a252b000 	/System/Library/Frameworks/Kerberos.framework/Versions/A/Kerberos
0x00000001a218c000 	/usr/lib/libresolv.9.dylib
0x000000019fb45000 	/System/Library/PrivateFrameworks/Heimdal.framework/Versions/A/Heimdal
0x00000001aaec3000 	/System/Library/Frameworks/Kerberos.framework/Versions/A/Libraries/libHeimdalProxy.dylib
0x00000001a258f000 	/System/Library/PrivateFrameworks/CommonAuth.framework/Versions/A/CommonAuth
0x00000001b3be1000 	/System/Library/PrivateFrameworks/AXCoreUtilities.framework/Versions/A/AXCoreUtilities
0x000000028bebb000 	/usr/lib/libAXSafeCategoryBundle.dylib
0x000000019cc9a000 	/System/Library/Frameworks/Accelerate.framework/Versions/A/Frameworks/vecLib.framework/Versions/A/libvDSP.dylib
0x000000019e1a6000 	/System/Library/Frameworks/Accelerate.framework/Versions/A/Frameworks/vecLib.framework/Versions/A/libLAPACK.dylib
0x000000019d1b0000 	/System/Library/Frameworks/Accelerate.framework/Versions/A/Frameworks/vecLib.framework/Versions/A/libLinearAlgebra.dylib
0x000000019e09f000 	/System/Library/Frameworks/Accelerate.framework/Versions/A/Frameworks/vecLib.framework/Versions/A/libSparseBLAS.dylib
0x000000019e1a1000 	/System/Library/Frameworks/Accelerate.framework/Versions/A/Frameworks/vecLib.framework/Versions/A/libQuadrature.dylib
0x000000019bcb2000 	/System/Library/Frameworks/Accelerate.framework/Versions/A/Frameworks/vecLib.framework/Versions/A/libBNNS.dylib
0x000000018f752000 	/System/Library/Frameworks/Accelerate.framework/Versions/A/Frameworks/vecLib.framework/Versions/A/libSparse.dylib
0x00000001a24f4000 	/System/Library/PrivateFrameworks/NetAuth.framework/Versions/A/NetAuth
0x0000000198af8000 	/System/Library/PrivateFrameworks/login.framework/Versions/A/Frameworks/loginsupport.framework/Versions/A/loginsupport
0x000000019d116000 	/usr/lib/libCheckFix.dylib
0x0000000197c65000 	/System/Library/PrivateFrameworks/MetadataUtilities.framework/Versions/A/MetadataUtilities
0x000000025cca6000 	/System/Library/PrivateFrameworks/InstalledContentLibrary.framework/Versions/A/InstalledContentLibrary
0x00000001926d3000 	/System/Library/PrivateFrameworks/CoreServicesStore.framework/Versions/A/CoreServicesStore
0x00000001ce253000 	/System/Library/PrivateFrameworks/MobileSystemServices.framework/Versions/A/MobileSystemServices
0x000000019f50e000 	/usr/lib/libxslt.1.dylib
0x000000019d0d5000 	/System/Library/PrivateFrameworks/BackgroundTaskManagement.framework/Versions/A/BackgroundTaskManagement
0x00000001aa56d000 	/usr/lib/libcurl.4.dylib
0x000000028c6db000 	/usr/lib/libcrypto.46.dylib
0x000000028d2fb000 	/usr/lib/libssl.48.dylib
0x00000001aa243000 	/System/Library/Frameworks/LDAP.framework/Versions/A/LDAP
0x00000001aa27f000 	/System/Library/PrivateFrameworks/TrustEvaluationAgent.framework/Versions/A/TrustEvaluationAgent
0x00000001a21a9000 	/usr/lib/libsasl2.2.dylib
0x00000001b7c81000 	/usr/lib/swift/libswiftCoreGraphics.dylib
0x00000001a6d33000 	/usr/lib/swift/libswiftFoundation.dylib
0x00000001f100d000 	/usr/lib/swift/libswiftSwiftOnoneSupport.dylib
0x000000028d9da000 	/usr/lib/swift/libswiftsys_time.dylib
0x00000001dc5da000 	/System/Library/PrivateFrameworks/CoreMaterial.framework/Versions/A/CoreMaterial
0x000000028d720000 	/usr/lib/swift/libswiftSpatial.dylib
0x000000028c49f000 	/usr/lib/libSpatial.dylib
0x000000028bdd9000 	/System/Library/SubFrameworks/UIUtilities.framework/Versions/A/UIUtilities
0x0000000105d80000 	/Library/Java/JavaVirtualMachines/amazon-corretto-11.jdk/Contents/Home/lib/server/libjvm.dylib
0x00000001007a8000 	/Library/Java/JavaVirtualMachines/amazon-corretto-11.jdk/Contents/Home/lib/libverify.dylib
0x00000001007f4000 	/Library/Java/JavaVirtualMachines/amazon-corretto-11.jdk/Contents/Home/lib/libjava.dylib
0x00000001007c0000 	/Library/Java/JavaVirtualMachines/amazon-corretto-11.jdk/Contents/Home/lib/libjimage.dylib
0x00000001051a0000 	/Library/Java/JavaVirtualMachines/amazon-corretto-11.jdk/Contents/Home/lib/libzip.dylib
0x0000000105ca8000 	/Library/Java/JavaVirtualMachines/amazon-corretto-11.jdk/Contents/Home/lib/libnio.dylib
0x0000000105cc8000 	/Library/Java/JavaVirtualMachines/amazon-corretto-11.jdk/Contents/Home/lib/libnet.dylib
0x0000000105d28000 	/private/var/folders/6z/8yslcfk9177b093s6970fw7w0000gn/T/libgdxgrantbrooks/f595479e/libgdxarm64.dylib
0x000000011e178000 	/private/var/folders/6z/8yslcfk9177b093s6970fw7w0000gn/T/lwjgl_grantbrooks/3.3.3+5/arm64/liblwjgl.dylib
0x000000011e220000 	/private/var/folders/6z/8yslcfk9177b093s6970fw7w0000gn/T/lwjgl_grantbrooks/3.3.3+5/arm64/libjemalloc.dylib
0x000000011e1c4000 	/private/var/folders/6z/8yslcfk9177b093s6970fw7w0000gn/T/lwjgl_grantbrooks/3.3.3+5/arm64/libglfw.dylib
0x0000000232dd8000 	/System/Library/Frameworks/AppIntents.framework/Versions/A/AppIntents
0x000000023c2c3000 	/System/Library/Frameworks/RelevanceKit.framework/Versions/A/RelevanceKit
0x000000019dc9e000 	/System/Library/Frameworks/CoreSpotlight.framework/Versions/A/CoreSpotlight
0x0000000260fc1000 	/System/Library/PrivateFrameworks/LinkServices.framework/Versions/A/LinkServices
0x000000024e784000 	/System/Library/PrivateFrameworks/DoNotDisturb.framework/Versions/A/DoNotDisturb
0x0000000260e1c000 	/System/Library/PrivateFrameworks/LinkMetadata.framework/Versions/A/LinkMetadata
0x00000001bade2000 	/usr/lib/swift/libswiftIntents.dylib
0x00000001c0063000 	/System/Library/PrivateFrameworks/IntentsCore.framework/Versions/A/IntentsCore
0x00000002448c3000 	/System/Library/PrivateFrameworks/AvailabilityKit.framework/Versions/A/AvailabilityKit
0x0000000241c05000 	/System/Library/PrivateFrameworks/AppIntentSchemas.framework/Versions/A/AppIntentSchemas
0x00000002560d3000 	/System/Library/PrivateFrameworks/GRDBInternal.framework/Versions/A/GRDBInternal
0x0000000279f40000 	/System/Library/PrivateFrameworks/StatusKit.framework/Versions/A/StatusKit
0x00000001a78cc000 	/System/Library/PrivateFrameworks/GenerationalStorage.framework/Versions/A/GenerationalStorage
0x00000001a76f4000 	/System/Library/Frameworks/FileProvider.framework/Versions/A/FileProvider
0x000000019416b000 	/System/Library/PrivateFrameworks/DesktopServicesPriv.framework/Versions/A/DesktopServicesPriv
0x00000001964cf000 	/System/Library/Frameworks/Accounts.framework/Versions/A/Accounts
0x00000001ba84e000 	/System/Library/PrivateFrameworks/FTServices.framework/Versions/A/FTServices
0x00000001b2cd3000 	/System/Library/PrivateFrameworks/CloudServices.framework/Versions/A/CloudServices
0x00000001a9d8d000 	/System/Library/PrivateFrameworks/CoreWiFi.framework/Versions/A/CoreWiFi
0x000000019a49e000 	/System/Library/Frameworks/CoreLocation.framework/Versions/A/CoreLocation
0x00000001a9723000 	/System/Library/Frameworks/Intents.framework/Versions/A/Intents
0x000000023ea8a000 	/System/Library/Frameworks/_LocationEssentials.framework/Versions/A/_LocationEssentials
0x000000019dc4d000 	/System/Library/Frameworks/UserNotifications.framework/Versions/A/UserNotifications
0x000000019d8dd000 	/System/Library/PrivateFrameworks/AuthKit.framework/Versions/A/AuthKit
0x00000001a39d9000 	/System/Library/PrivateFrameworks/Sharing.framework/Versions/A/Sharing
0x00000001a3558000 	/System/Library/PrivateFrameworks/IDSFoundation.framework/Versions/A/IDSFoundation
0x00000001a9d8c000 	/System/Library/PrivateFrameworks/Apple80211.framework/Versions/A/Apple80211
0x000000019ce1c000 	/System/Library/Frameworks/CoreWLAN.framework/Versions/A/CoreWLAN
0x00000001c154d000 	/usr/lib/swift/libswiftCoreLocation.dylib
0x00000001a1d9a000 	/System/Library/PrivateFrameworks/IMFoundation.framework/Versions/A/IMFoundation
0x00000001b3029000 	/System/Library/PrivateFrameworks/Marco.framework/Versions/A/Marco
0x0000000196559000 	/System/Library/PrivateFrameworks/CommonUtilities.framework/Versions/A/CommonUtilities
0x00000001afaa4000 	/System/Library/PrivateFrameworks/Engram.framework/Versions/A/Engram
0x000000028d67f000 	/usr/lib/swift/libswiftRegexBuilder.dylib
0x00000001afa42000 	/usr/lib/libtidy.A.dylib
0x000000019fe56000 	/System/Library/PrivateFrameworks/Bom.framework/Versions/A/Bom
0x00000001a21ca000 	/usr/lib/libParallelCompression.dylib
0x00000001e8573000 	/System/Library/PrivateFrameworks/WiFiPeerToPeer.framework/Versions/A/WiFiPeerToPeer
0x00000002469b5000 	/System/Library/PrivateFrameworks/Centauri.framework/Versions/A/Centauri
0x000000028ce0f000 	/usr/lib/libmrc.dylib
0x000000025c248000 	/System/Library/PrivateFrameworks/IPConfiguration.framework/Versions/A/IPConfiguration
0x00000001dc59c000 	/System/Library/PrivateFrameworks/Netrb.framework/Versions/A/Netrb
0x00000001a21bc000 	/System/Library/PrivateFrameworks/MultiverseSupport.framework/Versions/A/MultiverseSupport
0x00000001a75cf000 	/System/Library/PrivateFrameworks/DiskManagement.framework/Versions/A/DiskManagement
0x00000001a74db000 	/System/Library/PrivateFrameworks/AppleIDAuthSupport.framework/Versions/A/AppleIDAuthSupport
0x000000023f36a000 	/System/Library/PrivateFrameworks/AAAFoundation.framework/Versions/A/AAAFoundation
0x00000001a26ce000 	/System/Library/PrivateFrameworks/KeychainCircle.framework/Versions/A/KeychainCircle
0x00000001b3bd7000 	/System/Library/PrivateFrameworks/URLFormatting.framework/Versions/A/URLFormatting
0x00000001aa561000 	/usr/lib/libcsfde.dylib
0x000000019f7f7000 	/usr/lib/libCoreStorage.dylib
0x00000001a3ea5000 	/System/Library/PrivateFrameworks/ProtectedCloudStorage.framework/Versions/A/ProtectedCloudStorage
0x00000001aa55c000 	/System/Library/PrivateFrameworks/EFILogin.framework/Versions/A/EFILogin
0x00000001a78f3000 	/System/Library/PrivateFrameworks/OctagonTrust.framework/Versions/A/OctagonTrust
0x00000001a4172000 	/System/Library/PrivateFrameworks/GeoServices.framework/Versions/A/GeoServices
0x00000001a1e13000 	/System/Library/PrivateFrameworks/LocationSupport.framework/Versions/A/LocationSupport
0x0000000259251000 	/System/Library/PrivateFrameworks/GeoServicesCore.framework/Versions/A/GeoServicesCore
0x00000001b3bd5000 	/System/Library/PrivateFrameworks/PhoneNumbers.framework/Versions/A/PhoneNumbers
0x000000026139f000 	/System/Library/PrivateFrameworks/LocationLogEncryption.framework/Versions/A/LocationLogEncryption
0x00000001a3377000 	/System/Library/PrivateFrameworks/IDS.framework/Versions/A/IDS
0x00000001e322e000 	/System/Library/Frameworks/CryptoKit.framework/Versions/A/CryptoKit
0x00000001aaebf000 	/System/Library/PrivateFrameworks/CryptoKitCBridging.framework/Versions/A/CryptoKitCBridging
0x00000001a84dd000 	/System/Library/Frameworks/CryptoTokenKit.framework/Versions/A/CryptoTokenKit
0x00000001c9476000 	/System/Library/PrivateFrameworks/FTAWD.framework/Versions/A/FTAWD
0x0000000192810000 	/usr/lib/libsandbox.1.dylib
0x000000019f7ef000 	/usr/lib/libMatch.1.dylib
0x00000001aaf82000 	/System/Library/PrivateFrameworks/IntentsFoundation.framework/Versions/A/IntentsFoundation
0x0000000198796000 	/System/Library/PrivateFrameworks/ViewBridge.framework/Versions/A/ViewBridge
0x000000023e994000 	/System/Library/Frameworks/_AppIntents_AppKit.framework/Versions/A/_AppIntents_AppKit
0x000000028bebf000 	/usr/lib/libAccessibilityBaseImplementations.dylib
0x000000012bf98000 	/usr/lib/libobjc-trampolines.dylib
0x000000028628b000 	/System/Library/PrivateFrameworks/WritingToolsUI.framework/Versions/A/WritingToolsUI
0x0000000258c33000 	/System/Library/PrivateFrameworks/GenerativeAssistantSettings.framework/Versions/A/GenerativeAssistantSettings
0x000000027bce6000 	/System/Library/PrivateFrameworks/TextComposer.framework/Versions/A/TextComposer
0x0000000258c09000 	/System/Library/PrivateFrameworks/GenerativeAssistantCommon.framework/Versions/A/GenerativeAssistantCommon
0x00000001c25e8000 	/System/Library/Frameworks/SwiftUI.framework/Versions/A/SwiftUI
0x000000023e9d3000 	/System/Library/Frameworks/_AuthenticationServices_SwiftUI.framework/Versions/A/_AuthenticationServices_SwiftUI
0x000000024193a000 	/System/Library/PrivateFrameworks/Anvil.framework/Versions/A/Anvil
0x00000001c1b95000 	/System/Library/PrivateFrameworks/AppStoreDaemon.framework/Versions/A/AppStoreDaemon
0x00000001ad535000 	/System/Library/PrivateFrameworks/AppleMediaServices.framework/Versions/A/AppleMediaServices
0x00000002590dc000 	/System/Library/PrivateFrameworks/GenerativePartnerServiceUI.framework/Versions/A/GenerativePartnerServiceUI
0x00000001f0577000 	/System/Library/PrivateFrameworks/JetEngine.framework/Versions/A/JetEngine
0x00000002590b9000 	/System/Library/PrivateFrameworks/GenerativePartnerService.framework/Versions/A/GenerativePartnerService
0x00000001ba9e4000 	/System/Library/Frameworks/SafariServices.framework/Versions/A/SafariServices
0x00000001b7d61000 	/System/Library/Frameworks/WebKit.framework/Versions/A/WebKit
0x00000001bdf2d000 	/System/Library/PrivateFrameworks/AppleMediaServicesUI.framework/Versions/A/AppleMediaServicesUI
0x00000001bb6c5000 	/System/Library/PrivateFrameworks/OnBoardingKit.framework/Versions/A/OnBoardingKit
0x00000002718e0000 	/System/Library/PrivateFrameworks/Settings.framework/Versions/A/Settings
0x000000023467a000 	/System/Library/Frameworks/ExtensionKit.framework/Versions/A/ExtensionKit
0x00000002346be000 	/System/Library/Frameworks/FSKit.framework/Versions/A/FSKit
0x0000000261150000 	/System/Library/PrivateFrameworks/LiveFS.framework/Versions/A/LiveFS
0x000000027bbc3000 	/System/Library/PrivateFrameworks/TextAnimationSupport.framework/Versions/A/TextAnimationSupport
0x000000026edc8000 	/System/Library/PrivateFrameworks/RecapPerformanceTesting.framework/Versions/A/RecapPerformanceTesting
0x00000001bb6b5000 	/System/Library/PrivateFrameworks/SignpostCollection.framework/Versions/A/SignpostCollection
0x00000001acec6000 	/System/Library/Frameworks/WebKit.framework/Versions/A/Frameworks/WebKitLegacy.framework/Versions/A/WebKitLegacy
0x00000001b97a6000 	/System/Library/Frameworks/Carbon.framework/Versions/A/Carbon
0x00000001aaca2000 	/System/Library/PrivateFrameworks/CorePrediction.framework/Versions/A/CorePrediction
0x0000000199887000 	/System/Library/Frameworks/WebKit.framework/Versions/A/Frameworks/WebCore.framework/Versions/A/Frameworks/libwebrtc.dylib
0x00000001b7ceb000 	/System/Library/PrivateFrameworks/SafariSafeBrowsing.framework/Versions/A/SafariSafeBrowsing
0x00000001a2232000 	/System/Library/Frameworks/SecurityInterface.framework/Versions/A/SecurityInterface
0x00000001bb6c4000 	/System/Library/PrivateFrameworks/WebInspectorUI.framework/Versions/A/WebInspectorUI
0x00000001afae4000 	/System/Library/Frameworks/JavaScriptCore.framework/Versions/A/JavaScriptCore
0x00000001b3d1c000 	/System/Library/Frameworks/WebKit.framework/Versions/A/Frameworks/WebCore.framework/Versions/A/WebCore
0x00000001afadd000 	/System/Library/Frameworks/Carbon.framework/Versions/A/Frameworks/CommonPanels.framework/Versions/A/CommonPanels
0x00000001aa558000 	/System/Library/Frameworks/Carbon.framework/Versions/A/Frameworks/Help.framework/Versions/A/Help
0x00000001afae1000 	/System/Library/Frameworks/Carbon.framework/Versions/A/Frameworks/ImageCapture.framework/Versions/A/ImageCapture
0x00000001afabc000 	/System/Library/Frameworks/Carbon.framework/Versions/A/Frameworks/OpenScripting.framework/Versions/A/OpenScripting
0x00000001afadc000 	/System/Library/Frameworks/Carbon.framework/Versions/A/Frameworks/Ink.framework/Versions/A/Ink
0x00000001afad9000 	/System/Library/Frameworks/Carbon.framework/Versions/A/Frameworks/SecurityHI.framework/Versions/A/SecurityHI
0x000000028c2fd000 	/usr/lib/libInterpreterSecurity.dylib
0x00000001cfe8c000 	/System/Library/PrivateFrameworks/XprotectFramework.framework/Versions/A/XprotectFramework
0x00000001b302a000 	/System/Library/PrivateFrameworks/yara.framework/Versions/A/yara
0x000000028c279000 	/usr/lib/libEndpointSecuritySystem.dylib
0x000000023384c000 	/System/Library/Frameworks/BrowserEngineCore.framework/Versions/A/BrowserEngineCore
0x000000023e551000 	/System/Library/Frameworks/WebKit.framework/Versions/A/Frameworks/WebCore.framework/Versions/A/Frameworks/libANGLE-shared.dylib
0x0000000284b2d000 	/System/Library/PrivateFrameworks/WebGPU.framework/Versions/A/WebGPU
0x00000001bd5a0000 	/System/Library/Frameworks/SceneKit.framework/Versions/A/SceneKit
0x00000001ceaac000 	/System/Library/Frameworks/ModelIO.framework/Versions/A/ModelIO
0x00000001a3f9c000 	/System/Library/Frameworks/MetalKit.framework/Versions/A/MetalKit
0x00000001a6270000 	/System/Library/Frameworks/GLKit.framework/Versions/A/GLKit
0x000000028dd1a000 	/usr/lib/usd/libusd_ms.dylib
0x000000027ff93000 	/System/Library/PrivateFrameworks/USDLib_FormatLoaderProxy.framework/Versions/A/USDLib_FormatLoaderProxy
0x000000028d9d5000 	/usr/lib/swift/libswift_errno.dylib
0x00000001ba82f000 	/System/Library/PrivateFrameworks/CoreOptimization.framework/Versions/A/CoreOptimization
0x000000024477b000 	/System/Library/PrivateFrameworks/AuthenticationServicesCore.framework/Versions/A/AuthenticationServicesCore
0x00000001c4f8c000 	/System/Library/Frameworks/AuthenticationServices.framework/Versions/A/AuthenticationServices
0x000000019f789000 	/System/Library/PrivateFrameworks/SharedWebCredentials.framework/Versions/A/SharedWebCredentials
0x00000001bc553000 	/System/Library/PrivateFrameworks/SafariCore.framework/Versions/A/SafariCore
0x00000001c4ab0000 	/System/Library/PrivateFrameworks/SafariFoundation.framework/Versions/A/SafariFoundation
0x00000001a6ff3000 	/System/Library/Frameworks/Contacts.framework/Versions/A/Contacts
0x00000002459cc000 	/System/Library/PrivateFrameworks/CBORLibrary.framework/Versions/A/CBORLibrary
0x00000002469f4000 	/System/Library/PrivateFrameworks/Chirp.framework/Versions/A/Chirp
0x00000002475f1000 	/System/Library/PrivateFrameworks/CloudSubscriptionFeatures.framework/Versions/A/CloudSubscriptionFeatures
0x00000001a6d34000 	/System/Library/PrivateFrameworks/ContactsFoundation.framework/Versions/A/ContactsFoundation
0x00000001f1981000 	/System/Library/PrivateFrameworks/RemoteManagement.framework/Versions/A/RemoteManagement
0x000000026f156000 	/System/Library/PrivateFrameworks/RemoteManagementModel.framework/Versions/A/RemoteManagementModel
0x000000026f1e7000 	/System/Library/PrivateFrameworks/RemoteManagementStore.framework/Versions/A/RemoteManagementStore
0x00000001a3fba000 	/usr/lib/libxcselect.dylib
0x00000001c4a1e000 	/System/Library/PrivateFrameworks/DifferentialPrivacy.framework/Versions/A/DifferentialPrivacy
0x0000000263c2b000 	/System/Library/PrivateFrameworks/ManagedSettingsObjC.framework/Versions/A/ManagedSettingsObjC
0x00000002613a4000 	/System/Library/PrivateFrameworks/LockdownMode.framework/Versions/A/LockdownMode
0x0000000280bdb000 	/System/Library/PrivateFrameworks/VDAF.framework/Versions/A/VDAF
0x00000001a6e0c000 	/System/Library/PrivateFrameworks/ContactsPersistence.framework/Versions/A/ContactsPersistence
0x00000001a5f6a000 	/System/Library/PrivateFrameworks/AppleLDAP.framework/Versions/A/AppleLDAP
0x00000001aa913000 	/System/Library/Frameworks/ClassKit.framework/Versions/A/ClassKit
0x00000001acbc4000 	/System/Library/PrivateFrameworks/CoreSuggestions.framework/Versions/A/CoreSuggestions
0x00000001a848b000 	/System/Library/PrivateFrameworks/vCard.framework/Versions/A/vCard
0x000000024827b000 	/System/Library/PrivateFrameworks/ContactsMetrics.framework/Versions/A/ContactsMetrics
0x000000019fc06000 	/System/Library/PrivateFrameworks/login.framework/Versions/A/login
0x0000000263c25000 	/System/Library/PrivateFrameworks/ManagedOrganizationContacts.framework/Versions/A/ManagedOrganizationContacts
0x0000000198f7c000 	/System/Library/PrivateFrameworks/CloudDocs.framework/Versions/A/CloudDocs
0x00000001b3597000 	/System/Library/PrivateFrameworks/ProactiveEventTracker.framework/Versions/A/ProactiveEventTracker
0x00000001a226c000 	/System/Library/PrivateFrameworks/CoreFollowUp.framework/Versions/A/CoreFollowUp
0x00000001ac0e2000 	/System/Library/PrivateFrameworks/ConfigurationProfiles.framework/Versions/A/ConfigurationProfiles
0x000000024d8ea000 	/System/Library/PrivateFrameworks/DMCUtilities.framework/Versions/A/DMCUtilities
0x0000000261425000 	/System/Library/PrivateFrameworks/MDMClientLibrary.framework/Versions/A/MDMClientLibrary
0x000000026f1db000 	/System/Library/PrivateFrameworks/RemoteManagementProtocol.framework/Versions/A/RemoteManagementProtocol
0x00000001a664f000 	/System/Library/PrivateFrameworks/SystemAdministration.framework/Versions/A/SystemAdministration
0x00000001b1517000 	/System/Library/PrivateFrameworks/PowerlogControl.framework/Versions/A/PowerlogControl
0x00000001b1519000 	/usr/lib/libUniversalAccess.dylib
0x00000001adfbc000 	/System/Library/PrivateFrameworks/FamilyControls.framework/Versions/A/FamilyControls
0x00000001a5f3f000 	/System/Library/Frameworks/DirectoryService.framework/Versions/A/DirectoryService
0x00000001aa5ef000 	/System/Library/PrivateFrameworks/LoginUIKit.framework/Versions/A/Frameworks/LoginUICore.framework/Versions/A/LoginUICore
0x000000019fe54000 	/usr/lib/libodfde.dylib
0x00000001adfb6000 	/System/Library/PrivateFrameworks/UniversalAccess.framework/Versions/A/Libraries/libUAPreferences.dylib
0x00000001adfe0000 	/System/Library/PrivateFrameworks/CommerceKit.framework/Versions/A/Frameworks/CommerceCore.framework/Versions/A/CommerceCore
0x000000024d856000 	/System/Library/PrivateFrameworks/DEPClientLibrary.framework/Versions/A/DEPClientLibrary
0x000000024d87f000 	/System/Library/PrivateFrameworks/DMCEnrollmentLibrary.framework/Versions/A/DMCEnrollmentLibrary
0x00000001b1600000 	/System/Library/PrivateFrameworks/SetupAssistantFramework.framework/Versions/A/SetupAssistantFramework
0x00000001aacfa000 	/System/Library/PrivateFrameworks/AuthKitUI.framework/Versions/A/AuthKitUI
0x00000001aa639000 	/System/Library/PrivateFrameworks/AppSSO.framework/Versions/A/AppSSO
0x00000001c18f1000 	/System/Library/PrivateFrameworks/LocalAuthenticationUI.framework/Versions/A/LocalAuthenticationUI
0x000000026ce08000 	/System/Library/PrivateFrameworks/PlatformSSO.framework/Versions/A/PlatformSSO
0x000000026cef6000 	/System/Library/PrivateFrameworks/PlatformSSOCore.framework/Versions/A/PlatformSSOCore
0x0000000235932000 	/System/Library/Frameworks/LocalAuthenticationEmbeddedUI.framework/Versions/A/LocalAuthenticationEmbeddedUI
0x00000001c23ad000 	/System/Library/PrivateFrameworks/AOSUI.framework/Versions/A/AOSUI
0x00000001b335f000 	/System/Library/Frameworks/ContactsUI.framework/Versions/A/ContactsUI
0x00000001a7284000 	/System/Library/PrivateFrameworks/FamilyCircle.framework/Versions/A/FamilyCircle
0x00000001d0276000 	/System/Library/Frameworks/LinkPresentation.framework/Versions/A/LinkPresentation
0x00000001b2f10000 	/System/Library/PrivateFrameworks/IASUtilities.framework/Versions/A/IASUtilities
0x000000025c111000 	/System/Library/PrivateFrameworks/IASUtilitiesCore.framework/Versions/A/IASUtilitiesCore
0x000000026f251000 	/System/Library/PrivateFrameworks/RemoteUI.framework/Versions/A/RemoteUI
0x00000002607b3000 	/System/Library/PrivateFrameworks/LiftUI.framework/Versions/A/LiftUI
0x0000000286899000 	/System/Library/PrivateFrameworks/_IconServices_SwiftUI.framework/Versions/A/_IconServices_SwiftUI
0x0000000247530000 	/System/Library/PrivateFrameworks/CloudSettings.framework/Versions/A/CloudSettings
0x00000001acc95000 	/System/Library/Frameworks/EventKit.framework/Versions/A/EventKit
0x00000001bb8d9000 	/System/Library/PrivateFrameworks/SearchFoundation.framework/Versions/A/SearchFoundation
0x00000001d2341000 	/System/Library/PrivateFrameworks/Email.framework/Versions/A/Email
0x00000001ba431000 	/System/Library/PrivateFrameworks/CoreRoutine.framework/Versions/A/CoreRoutine
0x00000001f12ee000 	/System/Library/PrivateFrameworks/VoiceShortcutClient.framework/Versions/A/VoiceShortcutClient
0x00000001ca011000 	/System/Library/PrivateFrameworks/Categories.framework/Versions/A/Categories
0x00000001c225c000 	/System/Library/PrivateFrameworks/ChronoServices.framework/Versions/A/ChronoServices
0x0000000246475000 	/System/Library/PrivateFrameworks/CalendarDatabase.framework/Versions/A/CalendarDatabase
0x00000002463be000 	/System/Library/PrivateFrameworks/CalendarDaemon.framework/Versions/A/CalendarDaemon
0x00000001ac005000 	/System/Library/PrivateFrameworks/CalendarFoundation.framework/Versions/A/CalendarFoundation
0x00000001abfc1000 	/System/Library/PrivateFrameworks/iCalendar.framework/Versions/A/iCalendar
0x000000024dae9000 	/System/Library/PrivateFrameworks/DataAccessExpress.framework/Versions/A/DataAccessExpress
0x00000001b34c1000 	/System/Library/PrivateFrameworks/ContactsAutocomplete.framework/Versions/A/ContactsAutocomplete
0x00000001c21a9000 	/System/Library/PrivateFrameworks/FTClientServices.framework/Versions/A/FTClientServices
0x000000026924f000 	/System/Library/PrivateFrameworks/OSEligibility.framework/Versions/A/OSEligibility
0x000000027a51b000 	/System/Library/PrivateFrameworks/StorageContainersPrivate.framework/Versions/A/StorageContainersPrivate
0x000000028d630000 	/usr/lib/swift/libswiftCoreMediaIO.dylib
0x00000001b2d9a000 	/System/Library/PrivateFrameworks/CoreDAV.framework/Versions/A/CoreDAV
0x00000001acb65000 	/System/Library/PrivateFrameworks/CalDAV.framework/Versions/A/CalDAV
0x00000001b79e7000 	/System/Library/PrivateFrameworks/TelephonyUtilities.framework/Versions/A/TelephonyUtilities
0x00000002358ef000 	/System/Library/Frameworks/LiveCommunicationKit.framework/Versions/A/LiveCommunicationKit
0x0000000247e2d000 	/System/Library/PrivateFrameworks/CommunicationTrust.framework/Versions/A/CommunicationTrust
0x00000001bc365000 	/System/Library/Frameworks/CallKit.framework/Versions/A/CallKit
0x00000001a727c000 	/System/Library/PrivateFrameworks/CommunicationsFilter.framework/Versions/A/CommunicationsFilter
0x00000001e6599000 	/System/Library/PrivateFrameworks/IMTransferServices.framework/Versions/A/IMTransferServices
0x00000001ba848000 	/System/Library/PrivateFrameworks/IncomingCallFilter.framework/Versions/A/IncomingCallFilter
0x000000026799e000 	/System/Library/PrivateFrameworks/NeighborhoodActivityConduit.framework/Versions/A/NeighborhoodActivityConduit
0x00000001be8b2000 	/System/Library/PrivateFrameworks/CallHistory.framework/Versions/A/CallHistory
0x000000028c0ec000 	/usr/lib/libBASupport.dylib
0x000000024688e000 	/System/Library/PrivateFrameworks/CallsUtilities.framework/Versions/A/CallsUtilities
0x0000000246899000 	/System/Library/PrivateFrameworks/CallsXPC.framework/Versions/A/CallsXPC
0x00000001f1ae2000 	/usr/lib/swift/libswiftCallKit.dylib
0x0000000246881000 	/System/Library/PrivateFrameworks/CallsPersistence.framework/Versions/A/CallsPersistence
0x000000023c59a000 	/System/Library/Frameworks/SensitiveContentAnalysis.framework/Versions/A/SensitiveContentAnalysis
0x00000001bf8ef000 	/System/Library/PrivateFrameworks/PeopleSuggester.framework/Versions/A/PeopleSuggester
0x00000001c8dce000 	/System/Library/PrivateFrameworks/SpotlightReceiver.framework/Versions/A/SpotlightReceiver
0x000000028685f000 	/System/Library/PrivateFrameworks/_AppIntentsServices_AppIntents.framework/Versions/A/_AppIntentsServices_AppIntents
0x0000000241c6e000 	/System/Library/PrivateFrameworks/AppIntentsServices.framework/Versions/A/AppIntentsServices
0x00000001abfa9000 	/System/Library/PrivateFrameworks/CoreRecents.framework/Versions/A/CoreRecents
0x0000000234dc4000 	/System/Library/Frameworks/GeoToolbox.framework/Versions/A/GeoToolbox
0x000000023ea56000 	/System/Library/Frameworks/_GeoToolbox_AppIntents.framework/Versions/A/_GeoToolbox_AppIntents
0x00000001dbfcf000 	/System/Library/PrivateFrameworks/DiagnosticRequest.framework/Versions/A/DiagnosticRequest
0x00000002867a3000 	/System/Library/PrivateFrameworks/XPCDistributed.framework/Versions/A/XPCDistributed
0x000000026ee5e000 	/System/Library/PrivateFrameworks/RegulatoryDomain.framework/Versions/A/RegulatoryDomain
0x00000001a6348000 	/usr/lib/libCTGreenTeaLogger.dylib
0x0000000261376000 	/System/Library/PrivateFrameworks/LocalStatusKit.framework/Versions/A/LocalStatusKit
0x00000001b78d3000 	/System/Library/PrivateFrameworks/CoreParsec.framework/Versions/A/CoreParsec
0x00000001d2335000 	/System/Library/PrivateFrameworks/EmailAddressing.framework/Versions/A/EmailAddressing
0x00000001ce31b000 	/System/Library/PrivateFrameworks/EmailCore.framework/Versions/A/EmailCore
0x00000001cf349000 	/System/Library/PrivateFrameworks/EmailFoundation.framework/Versions/A/EmailFoundation
0x000000026a990000 	/System/Library/PrivateFrameworks/PegasusAPI.framework/Versions/A/PegasusAPI
0x000000026b4e1000 	/System/Library/PrivateFrameworks/PegasusConfiguration.framework/Versions/A/PegasusConfiguration
0x000000027e7fc000 	/System/Library/PrivateFrameworks/ToolKit.framework/Versions/A/ToolKit
0x000000026f5e6000 	/System/Library/PrivateFrameworks/ReplicatorEngine.framework/Versions/A/ReplicatorEngine
0x000000026f788000 	/System/Library/PrivateFrameworks/ReplicatorServices.framework/Versions/A/ReplicatorServices
0x000000027b4b7000 	/System/Library/PrivateFrameworks/SystemWake.framework/Versions/A/SystemWake
0x00000001bc539000 	/System/Library/PrivateFrameworks/ContextKit.framework/Versions/A/ContextKit
0x00000002483c8000 	/System/Library/PrivateFrameworks/ContextKitCore.framework/Versions/A/ContextKitCore
0x00000001baace000 	/System/Library/Frameworks/LocalAuthentication.framework/Support/DaemonUtils.framework/Versions/A/DaemonUtils
0x000000026130b000 	/System/Library/PrivateFrameworks/LocalAuthenticationCoreUI.framework/Versions/A/LocalAuthenticationCoreUI
0x00000001bdef4000 	/System/Library/PrivateFrameworks/BridgeXPC.framework/Versions/A/BridgeXPC
0x00000001bb7a1000 	/System/Library/PrivateFrameworks/CoreKDL.framework/Versions/A/CoreKDL
0x00000001b9dce000 	/System/Library/PrivateFrameworks/EmbeddedOSSupportHost.framework/Versions/A/EmbeddedOSSupportHost
0x00000001aeabb000 	/System/Library/PrivateFrameworks/LoginUIKit.framework/Versions/A/LoginUIKit
0x00000001ca50e000 	/System/Library/PrivateFrameworks/StorageKit.framework/Versions/A/StorageKit
0x00000001f32f7000 	/System/Library/Frameworks/DeviceCheck.framework/Versions/A/DeviceCheck
0x00000001ca588000 	/System/Library/PrivateFrameworks/CoreWLANKit.framework/Versions/A/CoreWLANKit
0x0000000283eb5000 	/System/Library/PrivateFrameworks/Wallpaper.framework/Versions/A/Wallpaper
0x000000028d64b000 	/usr/lib/swift/libswiftGLKit.dylib
0x000000028d656000 	/usr/lib/swift/libswiftMetalKit.dylib
0x000000028d65a000 	/usr/lib/swift/libswiftModelIO.dylib
0x000000028d71d000 	/usr/lib/swift/libswiftSceneKit.dylib
0x000000024e454000 	/System/Library/PrivateFrameworks/DiskImages2.framework/Versions/A/DiskImages2
0x00000001d3277000 	/System/Library/PrivateFrameworks/DynamicDesktop.framework/Versions/A/DynamicDesktop
0x0000000284044000 	/System/Library/PrivateFrameworks/WallpaperFoundation.framework/Versions/A/WallpaperFoundation
0x00000002840a2000 	/System/Library/PrivateFrameworks/WallpaperTypes.framework/Versions/A/WallpaperTypes
0x00000001e82f6000 	/System/Library/PrivateFrameworks/SystemDesktopAppearance.framework/Versions/A/SystemDesktopAppearance
0x0000000289953000 	/System/Library/PrivateFrameworks/icloudMCCKit.framework/Versions/A/icloudMCCKit
0x0000000242bc8000 	/System/Library/PrivateFrameworks/AppleAccountUI.framework/Versions/A/AppleAccountUI
0x00000001dc5a6000 	/System/Library/PrivateFrameworks/PreferencePanesSupport.framework/Versions/A/PreferencePanesSupport
0x00000001c255f000 	/System/Library/PrivateFrameworks/FindMyDeviceUI.framework/Versions/A/FindMyDeviceUI
0x0000000287599000 	/System/Library/PrivateFrameworks/iCloudQuotaUI.framework/Versions/A/iCloudQuotaUI
0x00000001dc75a000 	/System/Library/PrivateFrameworks/CoreCDPUI.framework/Versions/A/CoreCDPUI
0x00000001bc294000 	/System/Library/PrivateFrameworks/CoreFollowUpUI.framework/Versions/A/CoreFollowUpUI
0x00000001c904c000 	/System/Library/PrivateFrameworks/IMCore.framework/Versions/A/IMCore
0x00000001b1580000 	/System/Library/PrivateFrameworks/CoreCDP.framework/Versions/A/CoreCDP
0x00000001ad520000 	/System/Library/PrivateFrameworks/AskPermission.framework/Versions/A/AskPermission
0x00000001bffd4000 	/System/Library/Frameworks/Quartz.framework/Versions/A/Quartz
0x00000001ccaed000 	/System/Library/PrivateFrameworks/CloudPhotoServicesConfiguration.framework/Versions/A/CloudPhotoServicesConfiguration
0x00000001be6d7000 	/System/Library/PrivateFrameworks/CommerceKit.framework/Versions/A/CommerceKit
0x00000001ce3eb000 	/System/Library/PrivateFrameworks/FindMyMac.framework/Versions/A/FindMyMac
0x00000001ce2be000 	/System/Library/Frameworks/PreferencePanes.framework/Versions/A/PreferencePanes
0x00000001c19dc000 	/System/Library/Frameworks/AddressBook.framework/Versions/A/AddressBook
0x00000001ac403000 	/System/Library/PrivateFrameworks/AOSAccounts.framework/Versions/A/AOSAccounts
0x00000001a6649000 	/System/Library/PrivateFrameworks/AppleSRP.framework/Versions/A/AppleSRP
0x00000001aaed3000 	/System/Library/PrivateFrameworks/NetFSServer.framework/Versions/A/NetFSServer
0x00000001bd47a000 	/System/Library/Frameworks/PDFKit.framework/Versions/A/PDFKit
0x000000023db49000 	/System/Library/Frameworks/TabularData.framework/Versions/A/TabularData
0x000000028d671000 	/usr/lib/swift/libswiftPassKit.dylib
0x00000001e0752000 	/System/Library/Frameworks/PassKit.framework/Versions/A/PassKit
0x00000001aebc6000 	/System/Library/PrivateFrameworks/PassKitCore.framework/Versions/A/PassKitCore
0x000000026a2b2000 	/System/Library/PrivateFrameworks/PassKitMacHelperTemp.framework/Versions/A/PassKitMacHelperTemp
0x000000028c03c000 	/usr/lib/libAppleSSE.dylib
0x00000001bab1a000 	/System/Library/PrivateFrameworks/BiometricKit.framework/Versions/A/BiometricKit
0x000000026fd8c000 	/System/Library/PrivateFrameworks/SEService.framework/Versions/A/SEService
0x0000000234783000 	/System/Library/Frameworks/FinanceKit.framework/Versions/A/FinanceKit
0x00000001c0083000 	/System/Library/PrivateFrameworks/NearField.framework/Versions/A/NearField
0x000000028c43c000 	/usr/lib/libSESShared.dylib
0x000000026fff4000 	/System/Library/PrivateFrameworks/STSXPCHelperClient.framework/Versions/A/STSXPCHelperClient
0x00000001c1de8000 	/usr/lib/libnfshared.dylib
0x000000027b23f000 	/System/Library/PrivateFrameworks/Symptoms.framework/Versions/A/Frameworks/SymptomPresentationFeed.framework/Versions/A/SymptomPresentationFeed
0x00000002435de000 	/System/Library/PrivateFrameworks/AppleMediaServicesKitInternal.framework/Versions/A/AppleMediaServicesKitInternal
0x0000000244281000 	/System/Library/PrivateFrameworks/AsyncAlgorithmsInternal.framework/Versions/A/AsyncAlgorithmsInternal
0x000000027af81000 	/System/Library/PrivateFrameworks/SymptomShared.framework/Versions/A/SymptomShared
0x00000001e349b000 	/System/Library/PrivateFrameworks/PassKitUIFoundation.framework/Versions/A/PassKitUIFoundation
0x00000001a5f7c000 	/System/Library/Frameworks/MapKit.framework/Versions/A/MapKit
0x0000000259187000 	/System/Library/PrivateFrameworks/GeoAnalytics.framework/Versions/A/GeoAnalytics
0x00000001c1e16000 	/System/Library/PrivateFrameworks/Navigation.framework/Versions/A/Navigation
0x00000001cbb35000 	/System/Library/PrivateFrameworks/VectorKit.framework/Versions/A/VectorKit
0x00000001b2fdb000 	/System/Library/PrivateFrameworks/VirtualGarage.framework/Versions/A/VirtualGarage
0x00000001c1ff5000 	/System/Library/Frameworks/ExternalAccessory.framework/ExternalAccessory
0x00000001c2010000 	/System/Library/PrivateFrameworks/IAP.framework/Versions/A/IAP
0x00000001a6238000 	/System/Library/PrivateFrameworks/IOPlatformPluginFamily.framework/Versions/A/IOPlatformPluginFamily
0x00000002448c6000 	/System/Library/PrivateFrameworks/AvatarKit.framework/Versions/A/AvatarKit
0x0000000244985000 	/System/Library/PrivateFrameworks/AvatarPersistence.framework/Versions/A/AvatarPersistence
0x000000023ded0000 	/System/Library/Frameworks/TipKit.framework/Versions/A/TipKit
0x00000001ae6ad000 	/System/Library/PrivateFrameworks/IMSharedUtilities.framework/Versions/A/IMSharedUtilities
0x000000028d610000 	/usr/lib/swift/libswiftAppleArchive.dylib
0x0000000280cdb000 	/System/Library/PrivateFrameworks/VFX.framework/Versions/A/VFX
0x00000001de308000 	/System/Library/PrivateFrameworks/AppleCVA.framework/Versions/A/AppleCVA
0x0000000244984000 	/System/Library/PrivateFrameworks/AvatarKitContent.framework/Versions/A/AvatarKitContent
0x000000023669b000 	/System/Library/Frameworks/MetalFX.framework/Versions/A/MetalFX
0x0000000247f43000 	/System/Library/PrivateFrameworks/CompositorNonUI.framework/Versions/A/CompositorNonUI
0x0000000232b07000 	/System/Library/Frameworks/ARKit.framework/Versions/A/ARKit
0x00000002405c2000 	/System/Library/PrivateFrameworks/ARKitCore.framework/Versions/A/ARKitCore
0x000000028c136000 	/usr/lib/libDisplayWarpSupport.dylib
0x000000024969e000 	/System/Library/PrivateFrameworks/CoreComposite.framework/Versions/A/CoreComposite
0x000000028c570000 	/usr/lib/libchannel.dylib
0x000000028d26d000 	/usr/lib/librealtime_safety.dylib
0x000000024064f000 	/System/Library/PrivateFrameworks/ARKitFoundation.framework/Versions/A/ARKitFoundation
0x0000000242c66000 	/System/Library/PrivateFrameworks/AppleDepth.framework/Versions/A/AppleDepth
0x0000000242ddc000 	/System/Library/PrivateFrameworks/AppleDepthCore.framework/Versions/A/AppleDepthCore
0x00000001a6371000 	/System/Library/PrivateFrameworks/CoreAppleCVA.framework/Versions/A/CoreAppleCVA
0x00000001b3109000 	/System/Library/PrivateFrameworks/ContactsUICore.framework/Versions/A/ContactsUICore
0x00000001ba950000 	/System/Library/PrivateFrameworks/ContactsDonation.framework/Versions/A/ContactsDonation
0x00000001ba207000 	/System/Library/PrivateFrameworks/DataDetectors.framework/Versions/A/DataDetectors
0x00000001acb51000 	/System/Library/Frameworks/MediaLibrary.framework/Versions/A/MediaLibrary
0x00000001a726b000 	/System/Library/PrivateFrameworks/PersonaKit.framework/Versions/A/PersonaKit
0x00000001b30f7000 	/System/Library/PrivateFrameworks/PersonaUI.framework/Versions/A/PersonaUI
0x00000001cdce0000 	/System/Library/PrivateFrameworks/Transparency.framework/Versions/A/Transparency
0x000000024feb7000 	/System/Library/PrivateFrameworks/FindMyLocate.framework/Versions/A/FindMyLocate
0x00000001bc213000 	/System/Library/PrivateFrameworks/IntlPreferences.framework/Versions/A/IntlPreferences
0x000000024fd90000 	/System/Library/PrivateFrameworks/FindMyCommon.framework/Versions/A/FindMyCommon
0x000000024fb7f000 	/System/Library/PrivateFrameworks/FindMyBase.framework/Versions/A/FindMyBase
0x000000023b21a000 	/System/Library/Frameworks/NearbyInteraction.framework/Versions/A/NearbyInteraction
0x00000001a6e8a000 	/System/Library/PrivateFrameworks/AddressBookCore.framework/Versions/A/AddressBookCore
0x00000001c1b73000 	/System/Library/PrivateFrameworks/ToneKit.framework/Versions/A/ToneKit
0x00000001bc25a000 	/System/Library/PrivateFrameworks/ToneLibrary.framework/Versions/A/ToneLibrary
0x0000000248248000 	/System/Library/PrivateFrameworks/ContactsAccounts.framework/Versions/A/ContactsAccounts
0x00000001bfeef000 	/System/Library/PrivateFrameworks/Lookup.framework/Versions/A/Lookup
0x000000023baff000 	/System/Library/Frameworks/QuickLookUI.framework/Versions/A/QuickLookUI
0x000000023c514000 	/System/Library/Frameworks/ScreenCaptureKit.framework/Versions/A/ScreenCaptureKit
0x00000001bcf8e000 	/System/Library/Frameworks/Quartz.framework/Versions/A/Frameworks/QuartzComposer.framework/Versions/A/QuartzComposer
0x00000001bc1ea000 	/System/Library/Frameworks/Quartz.framework/Versions/A/Frameworks/QuartzFilters.framework/Versions/A/QuartzFilters
0x00000001bb296000 	/System/Library/Frameworks/Quartz.framework/Versions/A/Frameworks/ImageKit.framework/Versions/A/ImageKit
0x0000000232914000 	/System/Library/Frameworks/OpenCL.framework/Versions/A/OpenCL
0x00000001b97a5000 	/System/Library/PrivateFrameworks/CorePDF.framework/Versions/A/CorePDF
0x00000001a3f33000 	/System/Library/Frameworks/QuickLook.framework/Versions/A/QuickLook
0x00000001aeab6000 	/System/Library/PrivateFrameworks/DisplayServices.framework/Versions/A/DisplayServices
0x00000001bc16f000 	/System/Library/Frameworks/ImageCaptureCore.framework/Versions/A/ImageCaptureCore
0x0000000282cea000 	/System/Library/PrivateFrameworks/VisionKitCore.framework/Versions/A/VisionKitCore
0x00000001b78a3000 	/System/Library/PrivateFrameworks/QuickLookSupport.framework/Versions/A/QuickLookSupport
0x000000026450f000 	/System/Library/PrivateFrameworks/MediaAnalysisServices.framework/Versions/A/MediaAnalysisServices
0x00000001beeda000 	/System/Library/PrivateFrameworks/PhotoLibraryServices.framework/Versions/A/PhotoLibraryServices
0x00000001bbd87000 	/System/Library/Frameworks/Photos.framework/Versions/A/Photos
0x00000001d066d000 	/System/Library/PrivateFrameworks/PhotosFormats.framework/Versions/A/PhotosFormats
0x00000001ccb18000 	/System/Library/PrivateFrameworks/CloudPhotoLibrary.framework/Versions/A/CloudPhotoLibrary
0x00000001d5f12000 	/System/Library/PrivateFrameworks/CloudPhotoServices.framework/Versions/A/CloudPhotoServices
0x00000001d24a6000 	/System/Library/PrivateFrameworks/CoreMediaStream.framework/Versions/A/CoreMediaStream
0x00000001a7924000 	/System/Library/PrivateFrameworks/CPAnalytics.framework/Versions/A/CPAnalytics
0x00000001ce9e4000 	/System/Library/PrivateFrameworks/MediaConversionService.framework/Versions/A/MediaConversionService
0x00000001ae699000 	/System/Library/PrivateFrameworks/PhotoFoundation.framework/Versions/A/PhotoFoundation
0x000000026bac9000 	/System/Library/PrivateFrameworks/PhotoLibraryServicesCore.framework/Versions/A/PhotoLibraryServicesCore
0x00000001c875a000 	/System/Library/PrivateFrameworks/MMCS.framework/Versions/A/MMCS
0x00000001ac9aa000 	/System/Library/PrivateFrameworks/ChunkingLibrary.framework/Versions/A/ChunkingLibrary
0x00000001a6616000 	/System/Library/PrivateFrameworks/AssetCacheServices.framework/Versions/A/AssetCacheServices
0x00000001a85dc000 	/System/Library/PrivateFrameworks/AVFoundationCF.framework/Versions/A/AVFoundationCF
0x00000001e6494000 	/usr/lib/swift/libswiftDemangle.dylib
0x000000025c302000 	/System/Library/PrivateFrameworks/ImageCaptureDevices.framework/Versions/A/ImageCaptureDevices
0x00000001ba4c4000 	/System/Library/PrivateFrameworks/MediaStream.framework/Versions/A/MediaStream
0x00000001cee86000 	/System/Library/PrivateFrameworks/NeutrinoCore.framework/Versions/A/NeutrinoCore
0x0000000195de8000 	/System/Library/PrivateFrameworks/NLP.framework/Versions/A/NLP
0x00000001d4ca5000 	/System/Library/PrivateFrameworks/PhotoImaging.framework/Versions/A/PhotoImaging
0x00000001d5ed3000 	/System/Library/PrivateFrameworks/PhotosImagingFoundation.framework/Versions/A/PhotosImagingFoundation
0x000000026c676000 	/System/Library/PrivateFrameworks/PhotosIntelligenceCore.framework/Versions/A/PhotosIntelligenceCore
0x00000001a8a18000 	/System/Library/PrivateFrameworks/EmbeddedAcousticRecognition.framework/Versions/A/EmbeddedAcousticRecognition
0x00000001c3d77000 	/System/Library/PrivateFrameworks/EmojiFoundation.framework/Versions/A/EmojiFoundation
0x00000001ccd91000 	/System/Library/PrivateFrameworks/SDAPI.framework/Versions/A/SDAPI
0x00000001d5f21000 	/System/Library/PrivateFrameworks/AutoLoop.framework/Versions/A/AutoLoop
0x000000026d257000 	/System/Library/PrivateFrameworks/Portrait.framework/Versions/A/Portrait
0x0000000250547000 	/System/Library/PrivateFrameworks/FusionTracker.framework/Versions/A/FusionTracker
0x00000001bca28000 	/System/Library/PrivateFrameworks/iTunesCloud.framework/Versions/A/iTunesCloud
0x00000001c5c7f000 	/System/Library/PrivateFrameworks/DAAPKit.framework/Versions/A/DAAPKit
0x00000001b7c20000 	/System/Library/PrivateFrameworks/DeviceManagement.framework/Versions/A/DeviceManagement
0x00000001dbf20000 	/System/Library/PrivateFrameworks/ScreenTimeUI.framework/Versions/A/ScreenTimeUI
0x00000001ba201000 	/System/Library/PrivateFrameworks/QuickLookNonBaseSystem.framework/Versions/A/QuickLookNonBaseSystem
0x00000001baa26000 	/System/Library/PrivateFrameworks/Catalyst.framework/Versions/A/Catalyst
0x00000001bc40c000 	/System/Library/PrivateFrameworks/ScreenTimeCore.framework/Versions/A/ScreenTimeCore
0x00000001cfb17000 	/System/Library/PrivateFrameworks/ScreenTimeServiceUI.framework/Versions/A/ScreenTimeServiceUI
0x00000001c88ea000 	/System/Library/PrivateFrameworks/ConfigurationEngineModel.framework/Versions/A/ConfigurationEngineModel
0x00000001cbaee000 	/System/Library/PrivateFrameworks/UsageTracking.framework/Versions/A/UsageTracking
0x0000000234415000 	/System/Library/Frameworks/DeviceActivity.framework/Versions/A/DeviceActivity
0x00000001cbabe000 	/System/Library/PrivateFrameworks/KnowledgeMonitor.framework/Versions/A/KnowledgeMonitor
0x00000001e3441000 	/System/Library/PrivateFrameworks/BluetoothManager.framework/Versions/A/BluetoothManager
0x0000000235a20000 	/System/Library/Frameworks/ManagedSettings.framework/Versions/A/ManagedSettings
0x0000000263c6c000 	/System/Library/PrivateFrameworks/ManagedSettingsSupport.framework/Versions/A/ManagedSettingsSupport
0x00000001e0822000 	/System/Library/Frameworks/ReplayKit.framework/Versions/A/ReplayKit
0x00000001afa76000 	/System/Library/PrivateFrameworks/MarkupUI.framework/Versions/A/MarkupUI
0x00000001ba1d9000 	/System/Library/PrivateFrameworks/SidecarCore.framework/Versions/A/SidecarCore
0x00000001bce43000 	/System/Library/PrivateFrameworks/AnnotationKit.framework/Versions/A/AnnotationKit
0x00000001bb4db000 	/System/Library/Frameworks/PencilKit.framework/Versions/A/PencilKit
0x00000001bb6a0000 	/System/Library/PrivateFrameworks/SidecarUI.framework/Versions/A/SidecarUI
0x00000001bae36000 	/System/Library/PrivateFrameworks/CoreHandwriting.framework/Versions/A/CoreHandwriting
0x000000018f98e000 	/usr/lib/libmecabra.dylib
0x00000001b36cf000 	/System/Library/PrivateFrameworks/Calculate.framework/Versions/A/Calculate
0x000000019f539000 	/usr/lib/libChineseTokenizer.dylib
0x00000001f18a6000 	/System/Library/PrivateFrameworks/ScreenReaderCore.framework/Versions/A/ScreenReaderCore
0x000000027a4ad000 	/System/Library/PrivateFrameworks/StocksKit.framework/Versions/A/StocksKit
0x00000001b26c4000 	/System/Library/PrivateFrameworks/OAuth.framework/Versions/A/OAuth
0x000000027a19e000 	/System/Library/PrivateFrameworks/StocksCore.framework/Versions/A/StocksCore
0x000000027b7af000 	/System/Library/PrivateFrameworks/TeaFoundation.framework/Versions/A/TeaFoundation
0x000000027b991000 	/System/Library/PrivateFrameworks/TeaSettings.framework/Versions/A/TeaSettings
0x00000001e7b5c000 	/System/Library/PrivateFrameworks/NewsCore.framework/Versions/A/NewsCore
0x000000027b74b000 	/System/Library/PrivateFrameworks/TeaDB.framework/Versions/A/TeaDB
0x00000001e4558000 	/System/Library/PrivateFrameworks/RemoteConfiguration.framework/Versions/A/RemoteConfiguration
0x00000001e7767000 	/System/Library/PrivateFrameworks/NewsTransport.framework/Versions/A/NewsTransport
0x00000001e7b4c000 	/System/Library/PrivateFrameworks/NewsFoundation.framework/Versions/A/NewsFoundation
0x0000000267fa4000 	/System/Library/PrivateFrameworks/NewsURLBucket.framework/Versions/A/NewsURLBucket
0x00000001bead1000 	/System/Library/PrivateFrameworks/MobileInstallation.framework/Versions/A/MobileInstallation
0x000000023e03d000 	/System/Library/Frameworks/Translation.framework/Versions/A/Translation
0x00000001d7925000 	/System/Library/PrivateFrameworks/RevealCore.framework/Versions/A/RevealCore
0x00000001d7919000 	/System/Library/PrivateFrameworks/Reveal.framework/Versions/A/Reveal
0x00000001cf7e1000 	/System/Library/Frameworks/Speech.framework/Versions/A/Speech
0x000000023f4a2000 	/System/Library/PrivateFrameworks/AIMLExperimentationAnalytics.framework/Versions/A/AIMLExperimentationAnalytics
0x000000024181d000 	/System/Library/PrivateFrameworks/AlgorithmsInternal.framework/Versions/A/AlgorithmsInternal
0x000000027efe5000 	/System/Library/PrivateFrameworks/TranslationUIServices.framework/Versions/A/TranslationUIServices
0x000000027ded0000 	/System/Library/PrivateFrameworks/TipKitCore.framework/Versions/A/TipKitCore
0x00000001c3dfb000 	/System/Library/PrivateFrameworks/CoreCDPInternal.framework/Versions/A/CoreCDPInternal
0x000000025cadf000 	/System/Library/PrivateFrameworks/InputAnalytics.framework/Versions/A/InputAnalytics
0x00000001c9918000 	/System/Library/Frameworks/InstantMessage.framework/Versions/A/InstantMessage
0x00000001c18ea000 	/System/Library/PrivateFrameworks/IDSKVStore.framework/Versions/A/IDSKVStore
0x00000001c15b0000 	/System/Library/PrivateFrameworks/IMDPersistence.framework/Versions/A/IMDPersistence
0x0000000280bd1000 	/System/Library/PrivateFrameworks/UserSafety.framework/Versions/A/UserSafety
0x00000001e2651000 	/System/Library/PrivateFrameworks/BlastDoor.framework/Versions/A/BlastDoor
0x0000000260f91000 	/System/Library/PrivateFrameworks/LinkPresentationStyleSheetParsing.framework/Versions/A/LinkPresentationStyleSheetParsing
0x000000026d408000 	/System/Library/PrivateFrameworks/PosterFoundation.framework/Versions/A/PosterFoundation
0x000000026d497000 	/System/Library/PrivateFrameworks/PosterModel.framework/Versions/A/PosterModel
0x000000026d472000 	/System/Library/PrivateFrameworks/PosterFuturesKit.framework/Versions/A/PosterFuturesKit
0x000000024f96e000 	/System/Library/PrivateFrameworks/FeedbackService.framework/Versions/A/FeedbackService
0x00000001ba8a7000 	/System/Library/PrivateFrameworks/CoreSDB.framework/Versions/A/CoreSDB
0x000000024406a000 	/System/Library/PrivateFrameworks/AskToCore.framework/Versions/A/AskToCore
0x00000001dc757000 	/System/Library/PrivateFrameworks/MachineSettings.framework/Versions/A/MachineSettings
0x00000001ce240000 	/System/Library/PrivateFrameworks/BezelServices.framework/Versions/A/BezelServices
0x00000001c5d0b000 	/System/Library/PrivateFrameworks/SPOwner.framework/Versions/A/SPOwner
0x00000001be73c000 	/System/Library/PrivateFrameworks/FMCore.framework/Versions/A/FMCore
0x00000002874f1000 	/System/Library/PrivateFrameworks/iCloudQuota.framework/Versions/A/iCloudQuota
0x00000001b3074000 	/System/Library/PrivateFrameworks/CoreRecognition.framework/Versions/A/CoreRecognition
0x00000001ce2f6000 	/System/Library/PrivateFrameworks/InAppMessages.framework/Versions/A/InAppMessages
0x00000001f048f000 	/System/Library/PrivateFrameworks/JetUI.framework/Versions/A/JetUI
0x0000000260272000 	/System/Library/PrivateFrameworks/JetPack.framework/Versions/A/JetPack
0x00000001ce2ed000 	/System/Library/PrivateFrameworks/InAppMessagesCore.framework/Versions/A/InAppMessagesCore
0x00000002868a9000 	/System/Library/PrivateFrameworks/_JetEngine_SwiftUI.framework/Versions/A/_JetEngine_SwiftUI
0x000000027b268000 	/System/Library/PrivateFrameworks/Synapse.framework/Versions/A/Synapse
0x0000000246215000 	/System/Library/PrivateFrameworks/CSExattrCrypto.framework/Versions/A/CSExattrCrypto
0x00000001bfbd8000 	/System/Library/PrivateFrameworks/StoreFoundation.framework/Versions/A/StoreFoundation
0x00000001be736000 	/System/Library/PrivateFrameworks/ServerInformation.framework/Versions/A/ServerInformation
0x00000001be167000 	/System/Library/PrivateFrameworks/Install.framework/Frameworks/DistributionKit.framework/Versions/A/DistributionKit
0x00000001b7677000 	/System/Library/PrivateFrameworks/PackageKit.framework/Versions/A/PackageKit
0x00000001be18a000 	/System/Library/PrivateFrameworks/OSPersonalization.framework/Versions/A/OSPersonalization
0x00000001c0162000 	/System/Library/PrivateFrameworks/BridgeOSSoftwareUpdate.framework/Versions/A/BridgeOSSoftwareUpdate
0x00000001bad3e000 	/System/Library/PrivateFrameworks/StorageManagement.framework/Versions/A/StorageManagement
0x00000001cf664000 	/usr/lib/libauthinstall.dylib
0x00000001c016b000 	/System/Library/PrivateFrameworks/InstallerDiagnostics.framework/Versions/A/InstallerDiagnostics
0x00000001cfce3000 	/usr/lib/libcrypto.42.dylib
0x000000028db77000 	/usr/lib/updaters/libAppleTconUARPUpdater.dylib
0x000000028dd01000 	/usr/lib/updaters/libT200Updater.dylib
0x00000001c0150000 	/System/Library/PrivateFrameworks/GPUInfo.framework/Versions/A/GPUInfo
0x00000001ce3f1000 	/System/Library/PrivateFrameworks/MobileActivationMacOS.framework/Versions/A/MobileActivationMacOS
0x00000001b2606000 	/System/Library/PrivateFrameworks/AccountsDaemon.framework/Versions/A/AccountsDaemon
0x00000001a267f000 	/System/Library/PrivateFrameworks/CacheDelete.framework/Versions/A/CacheDelete
0x00000001aaff7000 	/System/Library/Frameworks/QuickLookThumbnailing.framework/Versions/A/QuickLookThumbnailing
0x00000001c01af000 	/System/Library/PrivateFrameworks/AOSKit.framework/Versions/A/AOSKit
0x000000019f66a000 	/System/Library/PrivateFrameworks/AppSSOCore.framework/Versions/A/AppSSOCore
0x00000001b9baf000 	/System/Library/Frameworks/AVFoundation.framework/Versions/A/AVFoundation
0x0000000244a1e000 	/System/Library/PrivateFrameworks/BackgroundSystemTasks.framework/Versions/A/BackgroundSystemTasks
0x00000001aaf0d000 	/System/Library/PrivateFrameworks/DuetActivityScheduler.framework/Versions/A/DuetActivityScheduler
0x00000001cca47000 	/System/Library/PrivateFrameworks/NetworkServiceProxy.framework/Versions/A/NetworkServiceProxy
0x00000001a62aa000 	/usr/lib/libnetworkextension.dylib
0x00000001a8926000 	/System/Library/PrivateFrameworks/Rapport.framework/Versions/A/Rapport
0x000000027af91000 	/System/Library/PrivateFrameworks/Symptoms.framework/Versions/A/Frameworks/SymptomAnalytics.framework/Versions/A/SymptomAnalytics
0x00000001a30b3000 	/System/Library/Frameworks/NetworkExtension.framework/Versions/A/NetworkExtension
0x00000001a96cd000 	/System/Library/PrivateFrameworks/CoreDuetContext.framework/Versions/A/CoreDuetContext
0x0000000194415000 	/System/Library/PrivateFrameworks/CoreDuet.framework/Versions/A/CoreDuet
0x00000001ae3f2000 	/System/Library/PrivateFrameworks/AssistantServices.framework/Versions/A/AssistantServices
0x00000001a8720000 	/System/Library/PrivateFrameworks/SAObjects.framework/Versions/A/SAObjects
0x00000001adfed000 	/System/Library/PrivateFrameworks/MediaRemote.framework/Versions/A/MediaRemote
0x00000001c06a3000 	/System/Library/PrivateFrameworks/SiriInstrumentation.framework/Versions/A/SiriInstrumentation
0x0000000271ef0000 	/System/Library/PrivateFrameworks/SiriAnalytics.framework/Versions/A/SiriAnalytics
0x0000000277d97000 	/System/Library/PrivateFrameworks/SiriTTSService.framework/Versions/A/SiriTTSService
0x000000027282c000 	/System/Library/PrivateFrameworks/SiriCrossDeviceArbitration.framework/Versions/A/SiriCrossDeviceArbitration
0x00000001bdeff000 	/System/Library/PrivateFrameworks/FeedbackLogger.framework/Versions/A/FeedbackLogger
0x000000024f516000 	/System/Library/PrivateFrameworks/FaceTimeNameUtility.framework/Versions/A/FaceTimeNameUtility
0x0000000272880000 	/System/Library/PrivateFrameworks/SiriCrossDeviceArbitrationFeedback.framework/Versions/A/SiriCrossDeviceArbitrationFeedback
0x0000000258f71000 	/System/Library/PrivateFrameworks/GenerativeModels.framework/Versions/A/GenerativeModels
0x0000000232c4d000 	/System/Library/Frameworks/AVRouting.framework/Versions/A/AVRouting
0x00000001b2e87000 	/System/Library/PrivateFrameworks/MediaServices.framework/Versions/A/MediaServices
0x00000001a0cd4000 	/System/Library/Frameworks/MediaToolbox.framework/Versions/A/MediaToolbox
0x00000001a76c5000 	/System/Library/PrivateFrameworks/CoreAVCHD.framework/Versions/A/CoreAVCHD
0x00000001a76c1000 	/System/Library/PrivateFrameworks/Mangrove.framework/Versions/A/Mangrove
0x0000000246031000 	/System/Library/PrivateFrameworks/CMPhoto.framework/Versions/A/CMPhoto
0x00000001a7eab000 	/System/Library/Frameworks/CoreTelephony.framework/Versions/A/CoreTelephony
0x00000001a76b4000 	/System/Library/PrivateFrameworks/CoreAUC.framework/Versions/A/CoreAUC
0x0000000243362000 	/System/Library/PrivateFrameworks/AppleJPEGXL.framework/Versions/A/AppleJPEGXL
0x00000001a2720000 	/usr/lib/libTelephonyUtilDynamic.dylib
0x00000001a855e000 	/System/Library/Frameworks/LocalAuthentication.framework/Versions/A/LocalAuthentication
0x00000002611c7000 	/System/Library/PrivateFrameworks/LocalAuthenticationCore.framework/Versions/A/LocalAuthenticationCore
0x000000026134c000 	/System/Library/PrivateFrameworks/LocalAuthenticationCredentialServices.framework/Versions/A/LocalAuthenticationCredentialServices
0x00000001a85ca000 	/System/Library/Frameworks/LocalAuthentication.framework/Support/SharedUtils.framework/Versions/A/SharedUtils
0x000000019fab4000 	/System/Library/PrivateFrameworks/PersistentConnection.framework/Versions/A/PersistentConnection
0x00000002795ac000 	/System/Library/PrivateFrameworks/SonicFoundation.framework/Versions/A/SonicFoundation
0x000000024dd74000 	/System/Library/PrivateFrameworks/Dendrite.framework/Versions/A/Dendrite
0x00000001c25b2000 	/usr/lib/libtailspin.dylib
0x00000001d6031000 	/System/Library/PrivateFrameworks/Osprey.framework/Versions/A/Osprey
0x00000002773f1000 	/System/Library/PrivateFrameworks/SiriTTS.framework/Versions/A/SiriTTS
0x00000001ba96d000 	/System/Library/Frameworks/NaturalLanguage.framework/Versions/A/NaturalLanguage
0x00000002761d7000 	/System/Library/PrivateFrameworks/SiriPowerInstrumentation.framework/Versions/A/SiriPowerInstrumentation
0x00000001bb830000 	/System/Library/PrivateFrameworks/Trial.framework/Versions/A/Trial
0x00000001bb7b2000 	/System/Library/PrivateFrameworks/TrialProto.framework/Versions/A/TrialProto
0x0000000280296000 	/System/Library/PrivateFrameworks/UnifiedAssetFramework.framework/Versions/A/UnifiedAssetFramework
0x00000001d8059000 	/usr/lib/swift/libswiftAVFoundation.dylib
0x00000001e84fa000 	/usr/lib/swift/libswiftNaturalLanguage.dylib
0x000000027b749000 	/System/Library/PrivateFrameworks/TailspinSymbolication.framework/Versions/A/TailspinSymbolication
0x000000024d9b3000 	/System/Library/PrivateFrameworks/Darwinup.framework/Versions/A/Darwinup
0x00000001cea1f000 	/System/Library/PrivateFrameworks/SignpostSupport.framework/Versions/A/SignpostSupport
0x00000001ba834000 	/System/Library/PrivateFrameworks/FeatureFlagsSupport.framework/Versions/A/FeatureFlagsSupport
0x00000001ce152000 	/System/Library/PrivateFrameworks/ktrace.framework/Versions/A/ktrace
0x00000001cec4e000 	/System/Library/PrivateFrameworks/SampleAnalysis.framework/Versions/A/SampleAnalysis
0x00000001d78f3000 	/System/Library/PrivateFrameworks/kperfdata.framework/Versions/A/kperfdata
0x00000001a4074000 	/usr/lib/libdscsym.dylib
0x00000001d7daf000 	/System/Library/PrivateFrameworks/BulkSymbolication.framework/Versions/A/BulkSymbolication
0x00000001ab043000 	/System/Library/PrivateFrameworks/Espresso.framework/Versions/A/Espresso
0x000000019905d000 	/System/Library/Frameworks/CoreML.framework/Versions/A/CoreML
0x00000001f1c4d000 	/System/Library/PrivateFrameworks/ANECompiler.framework/Versions/A/ANECompiler
0x00000001ad13c000 	/System/Library/PrivateFrameworks/AppleNeuralEngine.framework/Versions/A/AppleNeuralEngine
0x0000000236747000 	/System/Library/Frameworks/MetalPerformanceShadersGraph.framework/Versions/A/MetalPerformanceShadersGraph
0x0000000261c53000 	/System/Library/PrivateFrameworks/MLCompilerServices.framework/Versions/A/MLCompilerServices
0x00000001abee7000 	/System/Library/PrivateFrameworks/ANEServices.framework/Versions/A/ANEServices
0x0000000269000000 	/System/Library/PrivateFrameworks/ODIE.framework/Versions/A/ODIE
0x0000000261bf7000 	/System/Library/PrivateFrameworks/MLCompilerRuntime.framework/Versions/A/MLCompilerRuntime
0x000000019d467000 	/System/Library/Frameworks/MLCompute.framework/Versions/A/MLCompute
0x0000000261b79000 	/System/Library/PrivateFrameworks/MLAssetIO.framework/Versions/A/MLAssetIO
0x000000028d64f000 	/usr/lib/swift/libswiftMLCompute.dylib
0x00000001a80b1000 	/System/Library/PrivateFrameworks/AVFCore.framework/Versions/A/AVFCore
0x00000001b1611000 	/System/Library/PrivateFrameworks/AVFCapture.framework/Versions/A/AVFCapture
0x0000000245e1a000 	/System/Library/PrivateFrameworks/CMImaging.framework/Versions/A/CMImaging
0x00000001b185b000 	/System/Library/PrivateFrameworks/Quagga.framework/Versions/A/Quagga
0x00000001b198f000 	/System/Library/PrivateFrameworks/CMCapture.framework/Versions/A/CMCapture
0x00000001a22a3000 	/System/Library/Frameworks/CoreMediaIO.framework/Versions/A/CoreMediaIO
0x0000000245d56000 	/System/Library/PrivateFrameworks/CMCaptureDevice.framework/Versions/A/CMCaptureDevice
0x000000019fc2a000 	/System/Library/PrivateFrameworks/CoreBrightness.framework/Versions/A/CoreBrightness
0x0000000246e6c000 	/System/Library/PrivateFrameworks/CinematicFraming.framework/Versions/A/CinematicFraming
0x0000000265cb6000 	/System/Library/PrivateFrameworks/ModelManagerServices.framework/Versions/A/ModelManagerServices
0x00000001d50ef000 	/System/Library/PrivateFrameworks/CPMS.framework/Versions/A/CPMS
0x000000027b43f000 	/System/Library/PrivateFrameworks/SystemStatus.framework/Versions/A/SystemStatus
0x00000001b97a7000 	/System/Library/Frameworks/CoreMotion.framework/Versions/A/CoreMotion
0x00000001c99d6000 	/System/Library/PrivateFrameworks/TimeSync.framework/Versions/A/TimeSync
0x000000024e696000 	/System/Library/PrivateFrameworks/DistributedSensing.framework/Versions/A/DistributedSensing
0x00000001c4f4a000 	/System/Library/PrivateFrameworks/MobileBluetooth.framework/Versions/A/MobileBluetooth
0x00000001cb6d6000 	/System/Library/PrivateFrameworks/IOKitten.framework/Versions/A/IOKitten
0x0000000243265000 	/System/Library/PrivateFrameworks/AppleIntelligenceReporting.framework/Versions/A/AppleIntelligenceReporting
0x0000000190c0a000 	/System/Library/PrivateFrameworks/LanguageModeling.framework/Versions/A/LanguageModeling
0x0000000195bef000 	/System/Library/PrivateFrameworks/Montreal.framework/Versions/A/Montreal
0x000000019dee6000 	/usr/lib/libcmph.dylib
0x000000025904e000 	/System/Library/PrivateFrameworks/GenerativeModelsFoundation.framework/Versions/A/GenerativeModelsFoundation
0x000000027e239000 	/System/Library/PrivateFrameworks/TokenGeneration.framework/Versions/A/TokenGeneration
0x0000000258e2d000 	/System/Library/PrivateFrameworks/GenerativeFunctions.framework/Versions/A/GenerativeFunctions
0x0000000258e79000 	/System/Library/PrivateFrameworks/GenerativeFunctionsFoundation.framework/Versions/A/GenerativeFunctionsFoundation
0x00000002658d3000 	/System/Library/PrivateFrameworks/ModelCatalog.framework/Versions/A/ModelCatalog
0x000000027139c000 	/System/Library/PrivateFrameworks/SensitiveContentAnalysisML.framework/Versions/A/SensitiveContentAnalysisML
0x0000000258f0e000 	/System/Library/PrivateFrameworks/GenerativeFunctionsInstrumentation.framework/Versions/A/GenerativeFunctionsInstrumentation
0x000000026e598000 	/System/Library/PrivateFrameworks/PromptKit.framework/Versions/A/PromptKit
0x000000026e069000 	/System/Library/PrivateFrameworks/ProactiveDaemonSupport.framework/Versions/A/ProactiveDaemonSupport
0x000000027e487000 	/System/Library/PrivateFrameworks/TokenGenerationCore.framework/Versions/A/TokenGenerationCore
0x0000000242ec6000 	/System/Library/PrivateFrameworks/AppleFlatBuffers.framework/Versions/A/AppleFlatBuffers
0x00000002715d5000 	/System/Library/PrivateFrameworks/SentencePieceInternal.framework/Versions/A/SentencePieceInternal
0x00000001a668e000 	/System/Library/Frameworks/Vision.framework/Versions/A/Vision
0x000000024d38a000 	/System/Library/PrivateFrameworks/CoreSceneUnderstanding.framework/Versions/A/CoreSceneUnderstanding
0x0000000282c9e000 	/System/Library/PrivateFrameworks/VisionCore.framework/Versions/A/VisionCore
0x00000001c3ee3000 	/System/Library/Frameworks/Vision.framework/libfaceCore.dylib
0x00000001c4a06000 	/System/Library/PrivateFrameworks/Futhark.framework/Versions/A/Futhark
0x00000001c8806000 	/System/Library/PrivateFrameworks/InertiaCam.framework/Versions/A/InertiaCam
0x00000001c478e000 	/System/Library/PrivateFrameworks/TextRecognition.framework/Versions/A/TextRecognition
0x000000019f68b000 	/System/Library/PrivateFrameworks/CVNLP.framework/Versions/A/CVNLP
0x0000000198afb000 	/System/Library/PrivateFrameworks/ApplePushService.framework/Versions/A/ApplePushService
0x0000000198b66000 	/System/Library/Frameworks/CloudKit.framework/Versions/A/CloudKit
0x00000001ac0a5000 	/System/Library/PrivateFrameworks/CoreDuetDaemonProtocol.framework/Versions/A/CoreDuetDaemonProtocol
0x00000001d1236000 	/System/Library/PrivateFrameworks/DeviceIdentity.framework/Versions/A/DeviceIdentity
0x000000023c72b000 	/System/Library/Frameworks/SharedWithYouCore.framework/Versions/A/SharedWithYouCore
0x0000000247714000 	/System/Library/PrivateFrameworks/CloudTelemetry.framework/Versions/A/CloudTelemetry
0x00000001aa9da000 	/System/Library/PrivateFrameworks/AppleAccount.framework/Versions/A/AppleAccount
0x00000001aaf9c000 	/System/Library/PrivateFrameworks/C2.framework/Versions/A/C2
0x0000000247386000 	/System/Library/PrivateFrameworks/CloudCoreInternal.framework/Versions/A/CloudCoreInternal
0x000000024712b000 	/System/Library/PrivateFrameworks/CloudAsset.framework/Versions/A/CloudAsset
0x00000001aaf93000 	/System/Library/Frameworks/PushKit.framework/Versions/A/PushKit
0x0000000247734000 	/System/Library/PrivateFrameworks/CloudTelemetryTools.framework/Versions/A/CloudTelemetryTools
0x00000001ace97000 	/System/Library/PrivateFrameworks/RTCReporting.framework/Versions/A/RTCReporting
0x000000023f387000 	/System/Library/PrivateFrameworks/AAAFoundationSwift.framework/Versions/A/AAAFoundationSwift
0x00000001aac65000 	/System/Library/PrivateFrameworks/AppleIDSSOAuthentication.framework/Versions/A/AppleIDSSOAuthentication
0x00000001bfa83000 	/System/Library/PrivateFrameworks/CaptiveNetwork.framework/Versions/A/CaptiveNetwork
0x00000001aa46b000 	/System/Library/PrivateFrameworks/EAP8021X.framework/Versions/A/EAP8021X
0x000000024d799000 	/System/Library/PrivateFrameworks/CryptoKitPrivate.framework/Versions/A/CryptoKitPrivate
0x00000001b9dfe000 	/System/Library/PrivateFrameworks/FindMyDevice.framework/Versions/A/FindMyDevice
0x00000001aeba6000 	/System/Library/PrivateFrameworks/FMCoreLite.framework/Versions/A/FMCoreLite
0x000000019d107000 	/System/Library/Frameworks/ServiceManagement.framework/Versions/A/ServiceManagement
0x00000001378ac000 	/private/var/folders/6z/8yslcfk9177b093s6970fw7w0000gn/T/lwjgl_grantbrooks/3.3.3+5/arm64/libopenal.dylib
0x0000000137d14000 	/System/Library/Components/CoreAudio.component/Contents/MacOS/CoreAudio
0x00000001c1532000 	/System/Library/Frameworks/Accelerate.framework/Versions/A/Frameworks/vImage.framework/Versions/A/Libraries/libCGInterfaces.dylib
0x00000001cec17000 	/System/Library/PrivateFrameworks/UIKitServices.framework/Versions/A/UIKitServices
0x000000013b240000 	/System/Library/Extensions/AGXMetalG17G.bundle/Contents/MacOS/AGXMetalG17G
0x00000001b2d28000 	/System/Library/PrivateFrameworks/IOGPU.framework/Versions/A/IOGPU
0x000000023278e000 	/System/Library/Frameworks/OpenGL.framework/Versions/A/Resources/GLEngine.bundle/GLEngine
0x0000000232630000 	/System/Library/Frameworks/OpenGL.framework/Versions/A/Libraries/libGLProgrammability.dylib
0x00000001377c4000 	/System/Library/Extensions/AppleMetalOpenGLRenderer.bundle/Contents/MacOS/AppleMetalOpenGLRenderer
0x00000002328ef000 	/System/Library/Frameworks/OpenGL.framework/Versions/A/Resources/GLRendererFloat.bundle/GLRendererFloat
0x000000013a678000 	/private/var/folders/6z/8yslcfk9177b093s6970fw7w0000gn/T/lwjgl_grantbrooks/3.3.3+5/arm64/liblwjgl_opengl.dylib
0x000000027bf5a000 	/System/Library/PrivateFrameworks/TextInputUI.framework/Versions/A/TextInputUI
0x000000027bf8f000 	/System/Library/PrivateFrameworks/TextInputUIMacHelper.framework/Versions/A/TextInputUIMacHelper
0x00000001c4af6000 	/System/Library/PrivateFrameworks/SafariPlatformSupport.framework/Versions/A/SafariPlatformSupport
0x0000000279bcd000 	/System/Library/PrivateFrameworks/SpotlightKnowledge.framework/Versions/A/SpotlightKnowledge
0x0000000279bb4000 	/System/Library/PrivateFrameworks/SpotlightEmbedding.framework/Versions/A/SpotlightEmbedding
0x00000001943b8000 	/System/Library/PrivateFrameworks/SpotlightLinguistics.framework/Versions/A/SpotlightLinguistics
0x0000000279d81000 	/System/Library/PrivateFrameworks/SpotlightResources.framework/Versions/A/SpotlightResources
0x00000001bfa47000 	/System/Library/PrivateFrameworks/DataDeliveryServices.framework/Versions/A/DataDeliveryServices
0x0000000240860000 	/System/Library/PrivateFrameworks/AccessibilityBundles.framework/Versions/A/AccessibilityBundles


VM Arguments:
jvm_args: -Dfile.encoding=UTF-8 -Duser.country=GB -Duser.language=en -Duser.variant 
java_command: com.rogueforge.game.lwjgl3.Lwjgl3Launcher
java_class_path (initial): /Users/grantbrooks/Documents/Projects/rogue-forge/lwjgl3/build/classes/java/main:/Users/grantbrooks/Documents/Projects/rogue-forge/lwjgl3/build/resources/main:/Users/grantbrooks/Documents/Projects/rogue-forge/core/build/libs/core.jar:/Users/grantbrooks/.gradle/caches/modules-2/files-2.1/com.badlogicgames.gdx/gdx-backend-lwjgl3/1.12.1/12a144cacb34f0392cd8354f798d99e4836a51a8/gdx-backend-lwjgl3-1.12.1.jar:/Users/grantbrooks/.gradle/caches/modules-2/files-2.1/com.badlogicgames.gdx/gdx-platform/1.12.1/5737be5ce3a4e8f9f77c2d9ab95ab479f9c3705f/gdx-platform-1.12.1-natives-desktop.jar:/Users/grantbrooks/.gradle/caches/modules-2/files-2.1/com.badlogicgames.gdx/gdx-box2d-platform/1.12.1/4e82228fcdd2e8a7673fe7952588acfdb33d7820/gdx-box2d-platform-1.12.1-natives-desktop.jar:/Users/grantbrooks/.gradle/caches/modules-2/files-2.1/com.badlogicgames.gdx/gdx-freetype-platform/1.12.1/a32f9ecca13ae01370d9649e48a30201080d4c18/gdx-freetype-platform-1.12.1-natives-desktop.jar:/Users/grantbrooks/.gradle/caches/modules-2/files-2.1/com.badlogicgames.gdx/gdx-box2d/1.12.1/6c37ed04f97d062f1bdc4afe1f583182e539a269/gdx-box2d-1.12.1.jar:/Users/grantbrooks/.gradle/caches/modules-2/files-2.1/com.badlogicgames.gdx/gdx-freetype/1.12.1/d5826997b0cfa595a72889610fadb18405056c1c/gdx-freetype-1.12.1.jar:/Users/grantbrooks/.gradle/caches/modules-2/files-2.1/com.badlogicgames.gdx/gdx/1.12.1/a2d066c09329c457045c284c42d6f37122840aa/gdx-1.12.1.jar:/Users/grantbrooks/.gradle/caches/modules-2/files-2.1/org.lwjgl/lwjgl-glfw/3.3.3/efa1eb78c5ccd840e9f329717109b5e892d72f8e/lwjgl-glfw-3.3.3.jar:/Users/grantbrooks/.gradle/caches/modules-2/files-2.1/org.lwjgl/lwjgl-glfw/3.3.3/a03684c5e4b1b1dbbe0d29dbbdc27b985b6840f2/lwjgl-glfw-3.3.3-natives-linux.jar:/Users/grantbrooks/.gradle/caches/modules-2/files-2.1/org.lwjgl/lwjgl-glfw/3.3.3/d9af485c32545b37dd5359b163161d42d7534dcf/lwjgl-glfw-3.3.3-natives-linux-arm32.jar:/Users/grantbrooks/.gradle/caches/modules-2/files-2.1/org.lwjgl/lwjgl-glfw/3.3.3/4
Launcher Type: SUN_STANDARD

[Global flags]
     intx CICompilerCount                          = 4                                         {product} {ergonomic}
     uint ConcGCThreads                            = 2                                         {product} {ergonomic}
     uint G1ConcRefinementThreads                  = 9                                         {product} {ergonomic}
   size_t G1HeapRegionSize                         = 1048576                                   {product} {ergonomic}
    uintx GCDrainStackTargetSize                   = 64                                        {product} {ergonomic}
   size_t InitialHeapSize                          = 268435456                                 {product} {ergonomic}
   size_t MarkStackSize                            = 4194304                                   {product} {ergonomic}
   size_t MaxHeapSize                              = 4294967296                                {product} {ergonomic}
   size_t MaxNewSize                               = 2576351232                                {product} {ergonomic}
   size_t MinHeapDeltaBytes                        = 1048576                                   {product} {ergonomic}
    uintx NonNMethodCodeHeapSize                   = 5836492                                {pd product} {ergonomic}
    uintx NonProfiledCodeHeapSize                  = 122910874                              {pd product} {ergonomic}
    uintx ProfiledCodeHeapSize                     = 122910874                              {pd product} {ergonomic}
    uintx ReservedCodeCacheSize                    = 251658240                              {pd product} {ergonomic}
     bool SegmentedCodeCache                       = true                                      {product} {ergonomic}
     bool UseCompressedClassPointers               = true                                 {lp64_product} {ergonomic}
     bool UseCompressedOops                        = true                                 {lp64_product} {ergonomic}
     bool UseG1GC                                  = true                                      {product} {ergonomic}

Logging:
Log output configuration:
 #0: stdout all=warning uptime,level,tags
 #1: stderr all=off uptime,level,tags

Environment Variables:
PATH=/opt/anaconda3/bin:/opt/anaconda3/condabin:/opt/homebrew/bin:/opt/homebrew/sbin:/usr/local/bin:/System/Cryptexes/App/usr/bin:/usr/bin:/bin:/usr/sbin:/sbin:/var/run/com.apple.security.cryptexd/codex.system/bootstrap/usr/local/bin:/var/run/com.apple.security.cryptexd/codex.system/bootstrap/usr/bin:/var/run/com.apple.security.cryptexd/codex.system/bootstrap/usr/appleinternal/bin:/opt/pmk/env/global/bin:/Users/grantbrooks/.orbstack/bin
SHELL=/bin/zsh
LANG=en_GB.UTF-8
TERM=xterm-256color
TMPDIR=/var/folders/6z/8yslcfk9177b093s6970fw7w0000gn/T/

Signal Handlers:
SIGSEGV: [libjvm.dylib+0x70d180], sa_mask[0]=11111111011111110111111111111111, sa_flags=SA_ONSTACK|SA_RESTART|SA_SIGINFO
SIGBUS: [libjvm.dylib+0x70d180], sa_mask[0]=11111111011111110111111111111111, sa_flags=SA_RESTART|SA_SIGINFO
SIGFPE: [libjvm.dylib+0x70d180], sa_mask[0]=11111111011111110111111111111111, sa_flags=SA_RESTART|SA_SIGINFO
SIGPIPE: [libjvm.dylib+0x5740f0], sa_mask[0]=11111111011111110111111111111111, sa_flags=SA_RESTART|SA_SIGINFO
SIGXFSZ: [libjvm.dylib+0x5740f0], sa_mask[0]=11111111011111110111111111111111, sa_flags=SA_RESTART|SA_SIGINFO
SIGILL: [libjvm.dylib+0x70d180], sa_mask[0]=11111111011111110111111111111111, sa_flags=SA_RESTART|SA_SIGINFO
SIGUSR2: [libjvm.dylib+0x5746e4], sa_mask[0]=00100000000000000000000000000000, sa_flags=SA_RESTART|SA_SIGINFO
SIGHUP: [libjvm.dylib+0x572e84], sa_mask[0]=11111111011111110111111111111111, sa_flags=SA_RESTART|SA_SIGINFO
SIGINT: [libjvm.dylib+0x572e84], sa_mask[0]=11111111011111110111111111111111, sa_flags=SA_RESTART|SA_SIGINFO
SIGTERM: [libjvm.dylib+0x572e84], sa_mask[0]=11111111011111110111111111111111, sa_flags=SA_RESTART|SA_SIGINFO
SIGQUIT: [libjvm.dylib+0x572e84], sa_mask[0]=11111111011111110111111111111111, sa_flags=SA_RESTART|SA_SIGINFO


---------------  S Y S T E M  ---------------

OS:uname:Darwin 25.3.0 Darwin Kernel Version 25.3.0: Wed Jan 28 20:56:42 PST 2026; root:xnu-12377.91.3~2/RELEASE_ARM64_T8142 arm64
OS uptime: 13 days 2:32 hours
rlimit (soft/hard): STACK 8176k/65520k , CORE 0k/infinity , NPROC 2666/4000 , NOFILE 10240/infinity , AS infinity/infinity , CPU infinity/infinity , DATA infinity/infinity , FSIZE infinity/infinity , MEMLOCK infinity/infinity , RSS infinity/infinity
load average:1.78 2.19 2.30

CPU:total 10 (initial active 10) 0x61:0x0:0x1d5a87e8:0, simd, crc, lse

Memory: 16k page, physical 16777216k(143712k free), swap 1048576k(735744k free)

vm_info: OpenJDK 64-Bit Server VM (11.0.29+7-LTS) for bsd-aarch64 JRE (11.0.29+7-LTS), built on Oct 17 2025 16:56:59 by "ec2user" with clang Apple LLVM 15.0.0 (clang-1500.3.9.4)

END.
